assessment_id,Profile Visibility,Personal Information,Location Privacy,Posts & Content,Connections,Tagging & Mentions,Account Security,Third-Party Apps,Social Engineering,Digital Footprint,overall_score,risk_level,created_at
ASM-0001,81,14,3,94,35,31,28,17,94,13,40.2,HIGH,2026-02-14
ASM-0002,75,54,4,3,11,27,29,64,77,3,34.35,MODERATE,2026-04-12
ASM-0003,91,83,89,69,53,28,57,75,35,0,64.3,HIGH,2026-03-23
ASM-0004,89,54,43,35,19,27,97,43,13,11,48.75,HIGH,2026-07-14
ASM-0005,12,45,44,77,33,5,93,58,68,15,50.2,HIGH,2026-07-13
ASM-0006,10,70,37,80,79,46,73,24,90,8,56.8,HIGH,2026-01-24
ASM-0007,84,29,98,37,10,29,12,48,35,58,44.2,HIGH,2026-07-06
ASM-0008,20,47,45,26,85,34,89,87,82,9,54.95,HIGH,2026-03-29
ASM-0009,68,93,31,20,59,48,34,81,88,71,57.2,HIGH,2026-04-23
ASM-0010,87,41,98,99,7,29,4,40,51,34,51.0,HIGH,2026-02-03
ASM-0011,27,72,91,40,27,83,63,50,82,58,61.05,HIGH,2026-03-15
ASM-0012,33,17,31,95,71,68,33,95,74,54,50.3,HIGH,2026-07-24
ASM-0013,46,28,17,65,63,11,96,6,14,19,41.75,HIGH,2026-03-23
ASM-0014,87,54,76,8,49,48,76,59,67,32,58.95,HIGH,2026-01-06
ASM-0015,87,92,14,87,68,96,34,98,82,43,65.25,HIGH,2026-02-27
ASM-0016,37,55,20,58,0,92,92,33,64,97,52.05,HIGH,2026-04-02
ASM-0017,64,13,80,38,81,64,77,25,19,47,52.5,HIGH,2026-03-24
ASM-0018,69,99,67,0,76,41,62,2,14,46,54.55,HIGH,2026-06-07
ASM-0019,30,7,30,72,10,10,93,62,8,97,39.95,MODERATE,2026-03-06
ASM-0020,16,84,60,70,21,33,67,77,54,27,54.6,HIGH,2026-04-13
ASM-0021,91,39,51,85,83,47,56,66,57,15,59.9,HIGH,2026-05-07
ASM-0022,28,8,43,2,75,70,29,75,28,0,32.55,MODERATE,2026-02-06
ASM-0023,90,80,7,29,8,4,42,9,65,30,40.7,HIGH,2026-05-23
ASM-0024,85,62,27,69,16,92,73,73,60,31,57.1,HIGH,2026-08-31
ASM-0025,52,24,12,12,84,55,45,54,52,59,40.55,HIGH,2026-01-28
ASM-0026,86,83,82,12,7,51,93,43,13,31,56.75,HIGH,2026-04-09
ASM-0027,24,68,57,17,54,23,35,59,31,9,41.15,HIGH,2026-08-15
ASM-0028,70,12,6,83,69,1,11,96,30,21,35.45,MODERATE,2026-07-28
ASM-0029,62,61,27,51,7,21,48,0,49,33,40.0,MODERATE,2026-08-21
ASM-0030,36,54,89,93,100,71,84,91,62,19,72.2,CRITICAL,2026-04-08
ASM-0031,37,27,7,74,94,69,7,95,40,7,39.2,MODERATE,2026-01-26
ASM-0032,74,61,64,67,20,7,65,10,23,8,48.15,HIGH,2026-02-04
ASM-0033,86,30,51,15,72,31,74,76,5,79,50.35,HIGH,2026-02-11
ASM-0034,53,84,74,72,66,40,33,26,85,91,64.1,HIGH,2026-06-10
ASM-0035,30,33,50,16,85,82,38,58,40,96,47.05,HIGH,2026-02-07
ASM-0036,1,58,79,72,12,9,68,27,64,33,49.1,HIGH,2026-03-09
ASM-0037,44,8,31,47,36,20,56,69,90,38,42.3,HIGH,2026-09-28
ASM-0038,1,85,70,38,84,13,17,33,14,13,42.45,HIGH,2026-03-21
ASM-0039,34,36,77,26,91,43,26,87,81,33,52.2,HIGH,2026-09-16
ASM-0040,62,32,6,11,81,54,35,5,0,42,31.4,MODERATE,2026-03-08
ASM-0041,81,33,20,94,56,70,90,54,71,1,57.9,HIGH,2026-02-27
ASM-0042,9,88,19,69,4,47,74,70,18,55,45.75,HIGH,2026-03-07
ASM-0043,5,39,46,5,45,26,87,31,85,13,43.3,HIGH,2026-07-01
ASM-0044,99,71,52,79,95,19,30,20,22,52,57.0,HIGH,2026-01-13
ASM-0045,22,94,42,100,52,85,94,31,34,20,62.1,HIGH,2026-02-25
ASM-0046,48,4,60,28,25,58,44,39,29,28,35.45,MODERATE,2026-01-13
ASM-0047,84,24,51,42,35,8,98,35,44,82,52.7,HIGH,2026-09-18
ASM-0048,51,86,68,42,3,14,33,22,74,33,48.5,HIGH,2026-01-20
ASM-0049,13,76,55,44,93,100,40,55,77,65,59.35,HIGH,2026-03-01
ASM-0050,49,73,24,32,5,90,55,0,66,68,45.9,HIGH,2026-04-11
ASM-0051,46,55,8,85,42,79,40,84,15,92,47.0,HIGH,2026-06-03
ASM-0052,64,39,85,52,41,51,89,37,70,16,59.85,HIGH,2026-04-09
ASM-0053,53,85,48,86,95,22,78,72,38,51,66.1,HIGH,2026-01-01
ASM-0054,38,36,26,55,100,74,77,83,41,59,55.05,HIGH,2026-08-15
ASM-0055,56,86,27,65,60,94,21,84,10,36,49.9,HIGH,2026-09-21
ASM-0056,84,81,79,42,11,96,30,86,39,28,56.6,HIGH,2026-04-12
ASM-0057,18,3,5,31,60,78,98,9,58,53,39.6,MODERATE,2026-04-10
ASM-0058,91,89,49,63,51,31,18,83,88,0,58.4,HIGH,2026-02-24
ASM-0059,99,54,28,22,89,66,59,6,71,31,54.4,HIGH,2026-03-04
ASM-0060,58,17,59,85,67,71,76,40,96,56,61.75,HIGH,2026-09-16
ASM-0061,54,70,57,20,95,60,57,33,96,31,60.3,HIGH,2026-05-22
ASM-0062,98,99,66,62,80,30,35,56,9,91,63.75,HIGH,2026-05-27
ASM-0063,30,34,42,40,69,10,17,19,29,49,34.65,MODERATE,2026-03-20
ASM-0064,90,27,8,53,52,42,69,59,53,7,45.8,HIGH,2026-04-16
ASM-0065,53,49,98,74,89,2,97,73,48,61,69.8,HIGH,2026-01-04
ASM-0066,45,38,96,49,53,68,95,94,69,77,67.9,HIGH,2026-04-23
ASM-0067,62,28,34,55,62,3,49,43,85,86,49.65,HIGH,2026-07-27
ASM-0068,92,21,59,16,79,68,3,50,75,72,48.15,HIGH,2026-01-14
ASM-0069,10,82,54,17,59,23,6,33,48,41,39.55,MODERATE,2026-04-19
ASM-0070,58,41,43,97,48,35,96,53,32,10,55.4,HIGH,2026-08-29
ASM-0071,2,95,69,6,44,28,83,8,99,83,58.1,HIGH,2026-01-21
ASM-0072,96,3,31,25,2,79,19,30,16,60,30.3,MODERATE,2026-02-28
ASM-0073,72,27,59,89,32,98,47,21,77,77,56.75,HIGH,2026-02-28
ASM-0074,99,20,39,13,74,3,39,73,86,48,48.1,HIGH,2026-07-23
ASM-0075,91,25,9,75,88,80,31,13,89,98,53.6,HIGH,2026-06-04
ASM-0076,87,76,15,72,100,5,44,68,54,84,59.4,HIGH,2026-07-09
ASM-0077,8,64,82,43,1,53,62,13,55,46,47.5,HIGH,2026-08-24
ASM-0078,90,19,55,22,93,66,83,34,78,68,60.25,HIGH,2026-09-05
ASM-0079,59,55,93,75,34,41,31,11,35,57,52.6,HIGH,2026-05-05
ASM-0080,96,59,72,78,85,48,43,3,63,41,62.9,HIGH,2026-04-04
ASM-0081,62,27,45,33,43,35,76,89,35,71,49.25,HIGH,2026-01-06
ASM-0082,66,24,10,30,92,52,62,71,97,30,50.55,HIGH,2026-09-01
ASM-0083,82,91,62,57,2,11,37,28,51,88,54.05,HIGH,2026-05-05
ASM-0084,39,84,74,47,60,70,67,44,54,95,64.2,HIGH,2026-06-19
ASM-0085,45,89,58,34,39,32,29,15,92,24,50.95,HIGH,2026-06-11
ASM-0086,15,95,68,97,88,23,24,27,94,61,63.0,HIGH,2026-05-22
ASM-0087,92,75,97,67,76,36,12,24,37,29,59.25,HIGH,2026-07-04
ASM-0088,22,38,1,90,68,16,35,5,6,70,34.25,MODERATE,2026-05-30
ASM-0089,89,16,81,96,62,13,1,73,36,60,50.3,HIGH,2026-09-03
ASM-0090,56,43,23,6,32,61,14,8,51,62,33.05,MODERATE,2026-02-07
ASM-0091,73,80,87,6,19,19,72,38,10,31,51.05,HIGH,2026-03-02
ASM-0092,71,97,53,77,76,79,28,99,66,48,67.0,HIGH,2026-08-19
ASM-0093,56,38,75,54,39,72,79,7,78,94,60.15,HIGH,2026-02-20
ASM-0094,97,26,80,27,33,84,10,20,30,22,42.4,HIGH,2026-02-08
ASM-0095,20,0,52,57,88,76,60,37,4,29,40.8,HIGH,2026-05-28
ASM-0096,90,36,89,58,9,87,29,33,100,80,58.8,HIGH,2026-04-12
ASM-0097,54,14,69,28,82,19,34,18,9,7,37.05,MODERATE,2026-03-26
ASM-0098,39,76,95,72,36,56,15,59,88,38,59.05,HIGH,2026-07-26
ASM-0099,34,64,69,63,56,10,76,5,55,94,57.6,HIGH,2026-06-15
ASM-0100,77,32,3,11,29,86,73,75,2,97,41.0,HIGH,2026-05-18
ASM-0101,73,5,97,96,22,60,66,83,56,35,58.8,HIGH,2026-04-03
ASM-0102,74,55,81,62,11,60,44,52,42,41,53.55,HIGH,2026-02-23
ASM-0103,20,42,52,88,63,36,84,51,97,70,61.35,HIGH,2026-01-19
ASM-0104,58,11,40,32,41,14,98,51,65,0,45.2,HIGH,2026-08-25
ASM-0105,52,6,24,66,46,79,96,63,80,56,53.2,HIGH,2026-01-27
ASM-0106,26,34,70,16,36,56,89,62,15,3,44.3,HIGH,2026-05-03
ASM-0107,90,20,39,70,1,70,52,11,28,14,40.3,HIGH,2026-08-25
ASM-0108,15,82,19,63,91,37,65,90,34,53,54.2,HIGH,2026-09-05
ASM-0109,60,31,58,70,18,49,24,76,65,95,49.25,HIGH,2026-03-11
ASM-0110,8,35,98,53,43,100,64,34,0,36,48.45,HIGH,2026-06-02
ASM-0111,75,74,84,62,19,57,68,61,44,42,61.9,HIGH,2026-07-13
ASM-0112,58,41,24,89,30,73,49,29,99,52,52.4,HIGH,2026-01-23
ASM-0113,40,95,60,90,48,49,84,83,19,63,65.3,HIGH,2026-01-19
ASM-0114,16,64,75,42,12,56,12,67,58,1,41.65,HIGH,2026-03-15
ASM-0115,52,83,19,9,60,100,33,43,79,88,51.8,HIGH,2026-07-23
ASM-0116,83,10,42,86,68,48,40,80,91,97,57.85,HIGH,2026-09-07
ASM-0117,69,4,79,8,30,80,87,36,29,95,49.65,HIGH,2026-02-16
ASM-0118,55,12,97,81,90,12,56,21,88,38,59.7,HIGH,2026-01-15
ASM-0119,5,41,7,37,45,47,55,18,31,67,33.85,MODERATE,2026-07-30
ASM-0120,72,87,23,21,22,10,78,48,79,87,54.85,HIGH,2026-05-04
ASM-0121,63,74,18,29,59,81,32,58,32,85,48.1,HIGH,2026-01-05
ASM-0122,59,36,86,69,20,9,56,44,75,38,53.55,HIGH,2026-08-06
ASM-0123,88,32,58,38,25,49,61,13,30,48,46.25,HIGH,2026-07-03
ASM-0124,73,37,89,37,2,84,50,35,1,72,47.25,HIGH,2026-01-26
ASM-0125,77,95,63,36,99,29,77,45,28,81,67.0,HIGH,2026-04-08
ASM-0126,79,32,86,96,92,98,84,87,17,80,71.95,CRITICAL,2026-02-19
ASM-0127,80,82,5,39,100,56,4,74,46,93,51.3,HIGH,2026-03-09
ASM-0128,11,37,41,95,53,22,25,16,100,69,46.7,HIGH,2026-07-07
ASM-0129,67,64,34,21,32,61,37,95,43,14,45.05,HIGH,2026-08-28
ASM-0130,9,18,96,28,86,92,86,50,71,46,58.8,HIGH,2026-02-16
ASM-0131,50,1,33,68,15,58,47,86,95,86,46.45,HIGH,2026-05-15
ASM-0132,74,48,81,47,13,86,29,60,3,79,48.65,HIGH,2026-06-17
ASM-0133,78,28,82,8,81,59,89,38,83,52,62.3,HIGH,2026-03-01
ASM-0134,17,5,4,38,63,14,12,30,68,17,24.8,MODERATE,2026-07-18
ASM-0135,58,47,85,95,89,69,53,75,95,93,73.3,CRITICAL,2026-03-21
ASM-0136,53,83,12,62,78,52,35,4,88,47,52.75,HIGH,2026-04-22
ASM-0137,56,56,30,46,12,87,47,69,82,45,49.6,HIGH,2026-02-01
ASM-0138,50,35,24,15,58,11,84,27,82,81,47.9,HIGH,2026-01-11
ASM-0139,6,100,42,31,16,100,72,26,8,97,49.35,HIGH,2026-04-17
ASM-0140,75,27,29,42,99,18,100,76,0,35,51.45,HIGH,2026-03-16
ASM-0141,16,69,32,22,14,84,3,16,1,45,28.15,MODERATE,2026-05-02
ASM-0142,75,41,2,22,33,6,16,94,53,67,35.5,MODERATE,2026-02-28
ASM-0143,95,8,60,57,99,46,65,75,13,57,55.25,HIGH,2026-09-15
ASM-0144,28,78,5,93,100,84,66,38,58,82,60.45,HIGH,2026-01-16
ASM-0145,7,61,51,54,87,13,62,91,56,9,52.15,HIGH,2026-02-11
ASM-0146,41,77,18,8,16,35,79,81,74,70,49.3,HIGH,2026-06-16
ASM-0147,48,76,67,37,58,64,77,55,12,89,58.9,HIGH,2026-02-28
ASM-0148,83,83,98,70,92,27,55,57,29,52,69.6,HIGH,2026-06-23
ASM-0149,58,51,53,93,12,40,54,40,85,32,54.1,HIGH,2026-07-11
ASM-0150,19,87,60,8,11,10,11,55,12,95,36.7,MODERATE,2026-07-10
ASM-0151,16,71,7,75,71,71,42,85,15,52,46.1,HIGH,2026-07-01
ASM-0152,85,96,54,92,6,36,76,39,45,13,61.1,HIGH,2026-09-17
ASM-0153,27,19,84,61,28,13,44,71,47,14,43.25,HIGH,2026-05-23
ASM-0154,73,28,54,71,98,79,78,86,82,71,68.2,HIGH,2026-01-14
ASM-0155,77,84,88,34,3,23,34,89,97,39,59.55,HIGH,2026-06-23
ASM-0156,44,0,23,18,72,84,51,8,18,94,35.6,MODERATE,2026-01-16
ASM-0157,11,95,67,27,48,53,58,43,20,47,50.75,HIGH,2026-06-09
ASM-0158,92,41,99,72,76,10,6,19,20,96,54.15,HIGH,2026-01-26
ASM-0159,86,10,34,56,84,54,62,77,56,53,53.3,HIGH,2026-05-20
ASM-0160,27,96,65,14,44,55,14,36,86,86,52.2,HIGH,2026-09-07
ASM-0161,67,85,39,5,28,50,76,7,0,26,44.15,HIGH,2026-06-04
ASM-0162,27,98,17,97,32,37,41,15,0,63,44.75,HIGH,2026-08-09
ASM-0163,22,16,48,68,90,29,64,71,85,45,52.95,HIGH,2026-02-06
ASM-0164,50,94,5,55,2,58,9,40,73,54,41.8,HIGH,2026-07-27
ASM-0165,90,81,53,37,14,51,2,41,21,79,45.15,HIGH,2026-08-24
ASM-0166,88,46,11,55,13,31,55,75,51,67,46.15,HIGH,2026-02-10
ASM-0167,50,39,95,43,28,42,99,21,9,65,54.35,HIGH,2026-02-28
ASM-0168,67,65,24,99,44,44,93,82,18,30,57.9,HIGH,2026-02-22
ASM-0169,18,32,25,22,77,19,97,97,83,9,49.35,HIGH,2026-04-01
ASM-0170,98,80,63,59,96,72,97,74,57,87,78.65,CRITICAL,2026-06-15
ASM-0171,80,40,19,56,8,60,56,80,38,35,44.2,HIGH,2026-01-29
ASM-0172,45,64,9,39,59,57,4,7,47,36,35.55,MODERATE,2026-02-09
ASM-0173,82,11,78,76,64,49,59,74,70,94,62.25,HIGH,2026-01-22
ASM-0174,57,73,83,24,41,77,60,64,19,7,53.9,HIGH,2026-08-19
ASM-0175,13,43,91,10,64,82,22,5,31,90,44.05,HIGH,2026-08-13
ASM-0176,56,67,66,78,20,46,47,36,49,52,54.0,HIGH,2026-06-23
ASM-0177,86,76,6,80,82,42,8,42,12,71,47.25,HIGH,2026-07-17
ASM-0178,36,32,92,84,77,19,42,10,74,84,57.65,HIGH,2026-03-14
ASM-0179,44,39,83,89,84,50,16,76,90,10,58.2,HIGH,2026-06-08
ASM-0180,71,48,82,42,16,85,89,94,87,67,66.75,HIGH,2026-02-17
ASM-0181,82,85,54,65,46,2,46,39,23,27,52.75,HIGH,2026-06-24
ASM-0182,98,62,24,28,17,19,9,37,100,12,41.95,HIGH,2026-09-17
ASM-0183,98,69,94,67,4,84,43,98,79,16,65.6,HIGH,2026-07-12
ASM-0184,19,20,23,88,98,79,21,92,56,5,44.5,HIGH,2026-07-30
ASM-0185,46,86,92,30,56,78,36,96,95,100,68.5,HIGH,2026-08-18
ASM-0186,29,68,30,39,100,60,24,47,86,73,52.7,HIGH,2026-08-14
ASM-0187,59,98,36,99,48,64,67,53,20,25,59.85,HIGH,2026-03-12
ASM-0188,32,6,82,61,47,70,13,91,66,15,44.55,HIGH,2026-05-26
ASM-0189,10,97,20,34,57,65,18,55,11,28,38.85,MODERATE,2026-08-19
ASM-0190,44,3,53,6,50,64,47,30,49,10,35.55,MODERATE,2026-07-11
ASM-0191,28,3,40,12,91,83,42,18,17,4,32.8,MODERATE,2026-05-27
ASM-0192,60,89,17,97,90,60,57,78,0,10,56.55,HIGH,2026-01-10
ASM-0193,32,27,19,70,93,77,67,54,14,99,49.35,HIGH,2026-05-28
ASM-0194,30,38,15,6,30,53,81,79,58,8,39.5,MODERATE,2026-02-26
ASM-0195,63,76,68,2,80,65,73,30,91,18,61.8,HIGH,2026-05-30
ASM-0196,54,0,78,45,30,73,53,23,85,85,50.1,HIGH,2026-02-13
ASM-0197,67,46,8,67,69,64,100,64,70,2,56.9,HIGH,2026-07-19
ASM-0198,60,5,81,49,47,32,95,2,45,100,53.95,HIGH,2026-02-04
ASM-0199,44,30,93,84,80,13,98,74,94,96,72.5,CRITICAL,2026-06-20
ASM-0200,17,5,45,69,43,82,22,99,87,59,44.4,HIGH,2026-09-03
ASM-0201,80,23,17,8,91,99,58,4,37,25,42.7,HIGH,2026-01-23
ASM-0202,25,5,40,39,65,50,69,60,32,4,38.9,MODERATE,2026-04-08
ASM-0203,36,45,99,6,83,42,34,15,47,55,49.5,HIGH,2026-07-24
ASM-0204,95,56,49,43,23,63,88,63,47,66,59.35,HIGH,2026-05-17
ASM-0205,10,93,54,10,55,77,23,69,37,41,46.05,HIGH,2026-02-22
ASM-0206,10,41,84,37,39,57,77,91,54,21,52.75,HIGH,2026-08-16
ASM-0207,44,57,5,93,45,78,55,35,81,7,49.85,HIGH,2026-02-08
ASM-0208,85,81,51,46,65,95,86,20,3,18,59.25,HIGH,2026-08-13
ASM-0209,4,16,8,30,99,82,46,46,49,72,38.7,MODERATE,2026-01-17
ASM-0210,77,19,86,57,47,47,56,97,9,73,54.0,HIGH,2026-03-12
ASM-0211,67,46,50,40,83,35,31,14,3,94,45.5,HIGH,2026-04-06
ASM-0212,63,66,49,71,15,33,99,33,90,57,62.15,HIGH,2026-04-20
ASM-0213,78,36,88,62,25,15,17,9,57,22,45.65,HIGH,2026-08-16
ASM-0214,11,87,40,85,44,90,8,70,69,37,51.0,HIGH,2026-06-03
ASM-0215,20,91,90,89,81,22,46,65,28,15,60.95,HIGH,2026-04-13
ASM-0216,17,30,63,3,46,70,73,47,59,70,46.75,HIGH,2026-03-08
ASM-0217,78,11,8,39,50,91,92,61,67,52,50.25,HIGH,2026-07-29
ASM-0218,73,9,16,40,82,9,57,59,87,66,47.2,HIGH,2026-06-26
ASM-0219,16,99,70,81,75,23,98,16,55,64,67.9,HIGH,2026-01-29
ASM-0220,15,66,19,38,21,20,41,90,28,44,36.8,MODERATE,2026-09-23
ASM-0221,36,10,32,25,81,70,35,16,80,38,39.95,MODERATE,2026-02-17
ASM-0222,64,82,21,75,74,19,21,84,79,92,57.55,HIGH,2026-06-22
ASM-0223,72,5,3,10,5,82,98,73,33,83,39.8,MODERATE,2026-04-18
ASM-0224,98,73,53,79,81,3,63,80,69,37,67.05,HIGH,2026-06-04
ASM-0225,61,31,87,51,38,58,9,88,7,20,43.05,HIGH,2026-08-14
ASM-0226,53,61,59,26,43,77,18,40,91,40,49.85,HIGH,2026-06-26
ASM-0227,51,16,97,47,65,71,13,40,30,59,46.7,HIGH,2026-03-04
ASM-0228,34,57,31,18,12,6,37,49,78,53,38.35,MODERATE,2026-05-08
ASM-0229,20,41,73,92,40,24,97,20,63,65,58.6,HIGH,2026-08-28
ASM-0230,63,39,63,2,11,50,64,58,30,27,42.25,HIGH,2026-06-30
ASM-0231,6,6,36,63,76,83,86,60,36,68,47.85,HIGH,2026-01-05
ASM-0232,13,55,17,33,93,46,97,51,46,5,48.95,HIGH,2026-07-25
ASM-0233,6,72,71,24,46,70,36,9,49,64,46.5,HIGH,2026-08-19
ASM-0234,97,70,35,79,87,78,15,16,12,50,52.7,HIGH,2026-07-11
ASM-0235,43,71,46,96,18,25,77,65,51,64,57.6,HIGH,2026-01-21
ASM-0236,5,4,17,91,42,60,66,58,19,77,38.5,MODERATE,2026-09-21
ASM-0237,17,41,78,40,20,50,78,94,38,75,52.0,HIGH,2026-06-22
ASM-0238,64,65,68,62,90,72,38,60,2,47,56.4,HIGH,2026-06-19
ASM-0239,86,14,53,74,39,92,88,80,3,76,55.85,HIGH,2026-08-31
ASM-0240,33,83,100,99,74,73,29,92,6,74,64.95,HIGH,2026-09-03
ASM-0241,21,67,80,92,79,99,48,18,87,31,64.55,HIGH,2026-01-17
ASM-0242,73,89,14,24,2,56,40,53,19,52,41.3,HIGH,2026-04-15
ASM-0243,52,64,99,78,60,94,93,7,90,17,72.3,CRITICAL,2026-09-23
ASM-0244,26,71,41,84,61,67,48,40,22,58,51.55,HIGH,2026-06-25
ASM-0245,69,45,86,98,92,87,82,88,33,78,73.8,CRITICAL,2026-09-05
ASM-0246,24,31,35,71,38,28,38,98,36,90,43.3,HIGH,2026-04-17
ASM-0247,88,90,62,40,61,44,71,92,35,36,64.45,HIGH,2026-03-04
ASM-0248,73,86,69,48,50,44,98,18,37,5,62.1,HIGH,2026-05-28
ASM-0249,91,10,44,56,83,32,95,61,27,25,53.95,HIGH,2026-05-19
ASM-0250,71,89,34,17,13,78,94,75,30,31,54.85,HIGH,2026-01-26
ASM-0251,85,67,28,81,29,6,12,52,42,91,47.2,HIGH,2026-08-30
ASM-0252,12,87,98,17,0,70,20,52,83,60,51.05,HIGH,2026-09-02
ASM-0253,83,25,96,36,41,36,82,7,98,11,58.95,HIGH,2026-04-29
ASM-0254,68,94,92,4,22,53,22,4,50,100,53.45,HIGH,2026-09-11
ASM-0255,23,95,37,4,1,38,72,77,13,42,42.55,HIGH,2026-05-26
ASM-0256,58,82,69,67,63,17,64,59,34,24,59.45,HIGH,2026-02-27
ASM-0257,42,20,93,58,82,32,91,23,1,94,56.35,HIGH,2026-06-22
ASM-0258,37,72,86,96,24,22,78,81,51,54,64.05,HIGH,2026-09-21
ASM-0259,41,11,51,85,12,23,17,61,41,31,35.5,MODERATE,2026-01-04
ASM-0260,33,49,30,57,96,34,42,38,74,92,52.35,HIGH,2026-01-06
ASM-0261,33,83,46,88,30,7,85,15,59,39,56.15,HIGH,2026-03-23
ASM-0262,51,87,64,90,98,39,88,15,81,37,72.4,CRITICAL,2026-07-08
ASM-0263,78,28,28,17,61,19,58,95,77,47,48.45,HIGH,2026-08-01
ASM-0264,89,70,60,96,68,85,27,97,31,87,65.4,HIGH,2026-02-11
ASM-0265,67,57,67,90,46,9,72,14,7,70,55.05,HIGH,2026-09-16
ASM-0266,25,73,68,19,21,41,66,56,14,87,48.15,HIGH,2026-04-16
ASM-0267,91,74,62,11,65,57,7,58,16,65,48.75,HIGH,2026-08-01
ASM-0268,58,72,7,71,59,86,39,92,2,50,48.1,HIGH,2026-05-11
ASM-0269,0,95,27,74,9,5,54,44,89,8,46.45,HIGH,2026-01-31
ASM-0270,8,60,4,36,52,23,98,17,98,82,49.8,HIGH,2026-08-04
ASM-0271,47,48,57,48,48,10,87,84,69,17,55.55,HIGH,2026-06-28
ASM-0272,15,22,68,50,67,16,93,28,0,96,47.65,HIGH,2026-01-12
ASM-0273,38,59,86,92,69,54,68,48,29,31,61.4,HIGH,2026-08-24
ASM-0274,44,19,35,24,92,97,14,4,84,53,42.3,HIGH,2026-01-09
ASM-0275,30,26,8,12,76,4,57,76,86,90,42.55,HIGH,2026-01-25
ASM-0276,31,94,5,51,56,29,69,27,96,99,56.35,HIGH,2026-01-29
ASM-0277,17,64,37,29,93,73,40,73,76,98,54.85,HIGH,2026-06-14
ASM-0278,30,38,18,84,66,28,52,38,35,7,41.35,HIGH,2026-03-31
ASM-0279,80,86,54,71,63,6,44,82,85,48,64.3,HIGH,2026-09-26
ASM-0280,40,89,53,52,19,38,48,23,96,68,55.65,HIGH,2026-08-31
ASM-0281,30,28,38,90,18,59,7,71,52,53,39.1,MODERATE,2026-03-10
ASM-0282,49,31,32,26,42,82,10,57,47,11,34.85,MODERATE,2026-04-08
ASM-0283,6,34,48,86,77,77,5,9,24,97,41.5,HIGH,2026-04-22
ASM-0284,61,26,42,38,1,27,24,94,15,95,36.1,MODERATE,2026-09-03
ASM-0285,31,89,77,90,26,50,30,70,41,99,59.15,HIGH,2026-05-25
ASM-0286,48,59,68,83,45,39,33,46,65,63,55.5,HIGH,2026-08-27
ASM-0287,12,92,60,97,40,26,47,40,52,5,53.5,HIGH,2026-04-24
ASM-0288,94,18,2,33,70,74,74,92,53,37,49.25,HIGH,2026-03-20
ASM-0289,25,42,29,48,72,31,63,70,83,87,52.3,HIGH,2026-06-22
ASM-0290,32,97,62,92,82,94,62,58,21,93,68.1,HIGH,2026-06-30
ASM-0291,21,17,92,69,62,23,69,82,7,67,51.2,HIGH,2026-01-18
ASM-0292,9,85,6,97,0,52,17,80,29,8,36.7,MODERATE,2026-03-19
ASM-0293,1,27,64,58,47,7,79,81,85,78,52.9,HIGH,2026-09-05
ASM-0294,84,62,2,0,68,70,52,1,2,67,39.7,MODERATE,2026-05-21
ASM-0295,68,36,2,64,89,86,55,22,13,12,43.35,HIGH,2026-09-26
ASM-0296,19,30,24,79,67,32,45,34,50,10,40.15,HIGH,2026-07-11
ASM-0297,51,58,72,31,89,28,38,87,10,83,53.2,HIGH,2026-01-17
ASM-0298,11,51,48,48,70,60,7,81,1,89,40.4,HIGH,2026-03-29
ASM-0299,10,63,55,82,100,42,72,12,67,5,57.35,HIGH,2026-04-28
ASM-0300,27,88,72,60,34,5,9,87,35,69,49.0,HIGH,2026-01-17
ASM-0301,22,40,2,26,75,18,96,91,50,9,43.9,HIGH,2026-06-03
ASM-0302,20,72,30,72,49,86,69,42,49,96,55.85,HIGH,2026-03-13
ASM-0303,88,92,10,64,95,44,6,12,55,29,50.65,HIGH,2026-02-08
ASM-0304,43,77,98,78,76,50,99,41,3,81,69.7,HIGH,2026-05-20
ASM-0305,100,57,62,29,45,70,48,55,23,87,55.35,HIGH,2026-07-14
ASM-0306,10,98,79,37,31,91,9,10,34,19,45.1,HIGH,2026-07-14
ASM-0307,91,100,81,19,94,49,40,46,13,11,60.15,HIGH,2026-01-03
ASM-0308,39,56,46,97,34,13,16,11,23,55,40.95,HIGH,2026-08-18
ASM-0309,71,71,65,52,13,3,11,45,70,11,45.6,HIGH,2026-06-16
ASM-0310,49,1,37,52,49,99,10,92,71,31,40.4,HIGH,2026-09-24
ASM-0311,21,87,48,21,17,34,38,34,63,18,42.45,HIGH,2026-02-02
ASM-0312,21,55,35,53,38,61,100,9,46,32,49.4,HIGH,2026-05-07
ASM-0313,92,80,63,76,78,25,58,13,17,38,60.25,HIGH,2026-01-04
ASM-0314,50,42,79,48,42,56,42,55,83,76,56.1,HIGH,2026-03-11
ASM-0315,38,41,77,88,25,61,40,22,50,40,49.95,HIGH,2026-05-30
ASM-0316,94,88,81,62,73,100,31,41,48,35,66.5,HIGH,2026-07-21
ASM-0317,46,14,72,25,75,69,23,87,98,70,52.05,HIGH,2026-01-14
ASM-0318,93,59,90,26,56,37,88,8,52,86,64.8,HIGH,2026-09-13
ASM-0319,17,81,38,30,32,84,19,91,54,48,45.15,HIGH,2026-02-07
ASM-0320,57,76,61,74,51,68,64,88,53,69,64.9,HIGH,2026-01-19
ASM-0321,46,89,68,76,81,10,13,98,31,84,58.5,HIGH,2026-07-01
ASM-0322,21,82,78,5,72,82,86,82,51,96,64.8,HIGH,2026-06-19
ASM-0323,55,13,1,12,33,28,65,95,66,71,38.15,MODERATE,2026-04-24
ASM-0324,57,47,50,59,98,86,75,88,64,19,63.25,HIGH,2026-06-26
ASM-0325,3,61,13,37,53,10,14,93,18,44,31.65,MODERATE,2026-06-09
ASM-0326,43,58,100,26,66,61,44,60,12,56,53.85,HIGH,2026-08-20
ASM-0327,40,8,38,5,90,14,2,43,82,13,32.4,MODERATE,2026-03-26
ASM-0328,94,31,66,22,70,20,42,71,54,59,52.35,HIGH,2026-04-29
ASM-0329,51,80,23,23,81,84,55,50,3,94,50.9,HIGH,2026-04-12
ASM-0330,57,75,54,49,0,90,27,26,35,96,48.1,HIGH,2026-02-02
ASM-0331,73,13,68,23,46,41,25,58,14,33,38.1,MODERATE,2026-09-08
ASM-0332,67,81,40,76,49,78,50,75,14,44,56.1,HIGH,2026-06-30
ASM-0333,58,79,22,86,90,38,78,75,10,86,61.2,HIGH,2026-03-10
ASM-0334,40,15,30,39,14,23,47,88,18,65,33.7,MODERATE,2026-07-18
ASM-0335,53,76,17,73,49,54,23,62,81,68,52.2,HIGH,2026-03-30
ASM-0336,71,21,62,36,17,23,40,57,79,6,43.05,HIGH,2026-07-03
ASM-0337,1,62,17,24,49,71,64,83,63,52,45.45,HIGH,2026-09-09
ASM-0338,53,90,56,62,21,10,72,3,97,28,58.05,HIGH,2026-05-30
ASM-0339,4,35,28,68,36,21,99,58,72,95,51.0,HIGH,2026-09-11
ASM-0340,70,65,14,73,14,34,99,69,46,69,55.6,HIGH,2026-01-22
ASM-0341,97,92,56,69,27,54,13,94,83,96,63.95,HIGH,2026-05-07
ASM-0342,38,4,57,33,44,11,56,15,99,30,41.75,HIGH,2026-04-18
ASM-0343,94,75,88,44,90,78,80,54,21,78,71.85,CRITICAL,2026-03-13
ASM-0344,100,26,26,7,72,44,68,35,76,68,50.85,HIGH,2026-03-28
ASM-0345,41,90,37,37,73,34,65,86,12,17,51.95,HIGH,2026-07-30
ASM-0346,7,35,83,16,89,16,31,18,91,41,46.4,HIGH,2026-05-07
ASM-0347,97,86,50,62,18,73,80,34,80,53,66.1,HIGH,2026-07-12
ASM-0348,57,9,81,98,11,51,65,95,35,88,55.05,HIGH,2026-07-08
ASM-0349,58,62,41,74,0,99,93,11,93,58,60.3,HIGH,2026-07-03
ASM-0350,8,68,50,27,54,27,63,34,41,36,45.0,HIGH,2026-06-22
ASM-0351,70,73,16,72,62,100,43,87,97,6,59.55,HIGH,2026-01-24
ASM-0352,12,80,100,58,2,15,20,56,58,0,46.55,HIGH,2026-08-08
ASM-0353,25,88,16,83,38,20,35,11,83,46,47.6,HIGH,2026-05-09
ASM-0354,10,47,85,83,21,6,50,80,39,92,51.5,HIGH,2026-04-30
ASM-0355,54,83,11,90,12,0,27,61,9,16,38.5,MODERATE,2026-04-26
ASM-0356,66,87,56,1,1,89,43,15,54,88,49.7,HIGH,2026-03-09
ASM-0357,61,9,29,49,11,93,13,13,40,47,31.4,MODERATE,2026-06-03
ASM-0358,17,48,99,96,17,82,86,18,8,67,57.1,HIGH,2026-01-05
ASM-0359,78,83,21,56,44,92,27,80,95,19,56.5,HIGH,2026-07-30
ASM-0360,78,87,56,27,11,12,17,96,15,75,46.25,HIGH,2026-07-16
ASM-0361,44,54,40,17,31,35,82,10,31,70,44.45,HIGH,2026-05-26
ASM-0362,99,88,3,84,38,26,66,77,65,24,58.5,HIGH,2026-07-20
ASM-0363,37,82,6,100,30,63,49,14,30,63,47.25,HIGH,2026-02-06
ASM-0364,67,1,46,40,16,49,72,53,46,69,43.3,HIGH,2026-03-30
ASM-0365,97,60,98,9,2,75,8,1,33,27,44.15,HIGH,2026-01-21
ASM-0366,7,50,64,36,80,91,64,98,53,54,56.45,HIGH,2026-07-25
ASM-0367,10,81,68,68,78,19,35,10,39,10,49.05,HIGH,2026-09-19
ASM-0368,26,19,68,41,50,75,81,97,83,87,58.15,HIGH,2026-02-03
ASM-0369,39,89,55,93,30,7,31,11,55,14,49.55,HIGH,2026-08-21
ASM-0370,78,77,7,39,85,94,84,94,22,15,57.75,HIGH,2026-01-07
ASM-0371,90,17,89,1,20,63,44,66,66,100,51.65,HIGH,2026-05-13
ASM-0372,21,47,16,95,99,34,93,15,98,3,57.3,HIGH,2026-06-21
ASM-0373,54,34,67,8,33,91,73,80,9,63,48.2,HIGH,2026-08-22
ASM-0374,65,46,7,63,72,21,47,20,32,98,45.15,HIGH,2026-02-22
ASM-0375,73,86,92,14,29,94,65,0,5,1,53.3,HIGH,2026-05-06
ASM-0376,5,60,46,49,19,22,4,70,91,94,42.2,HIGH,2026-08-03
ASM-0377,28,41,31,53,92,40,34,9,73,47,45.3,HIGH,2026-03-03
ASM-0378,64,86,6,22,28,66,5,51,8,59,35.55,MODERATE,2026-05-25
ASM-0379,99,39,41,11,70,58,1,47,25,37,39.75,MODERATE,2026-06-05
ASM-0380,94,79,31,59,47,75,63,98,99,25,65.75,HIGH,2026-05-06
ASM-0381,19,0,52,3,29,69,44,81,88,1,35.85,MODERATE,2026-06-21
ASM-0382,0,97,84,48,94,93,39,13,26,67,58.45,HIGH,2026-05-02
ASM-0383,53,62,7,18,91,35,11,5,29,66,36.4,MODERATE,2026-07-31
ASM-0384,89,47,58,95,10,74,12,64,17,81,49.6,HIGH,2026-07-21
ASM-0385,9,75,72,7,55,84,16,30,37,33,42.6,HIGH,2026-06-11
ASM-0386,50,89,94,41,40,57,34,29,9,25,52.1,HIGH,2026-03-11
ASM-0387,99,98,74,13,19,13,21,57,59,40,53.45,HIGH,2026-07-28
ASM-0388,15,68,45,98,26,57,39,59,33,15,46.55,HIGH,2026-02-16
ASM-0389,20,87,38,90,89,77,5,27,41,18,49.6,HIGH,2026-02-16
ASM-0390,91,31,45,50,65,6,86,38,33,22,51.5,HIGH,2026-01-16
ASM-0391,51,57,71,95,70,31,12,59,13,17,49.25,HIGH,2026-03-04
ASM-0392,1,7,99,28,16,25,51,47,87,80,44.35,HIGH,2026-02-13
ASM-0393,74,75,33,9,2,8,25,82,56,16,39.35,MODERATE,2026-02-17
ASM-0394,42,15,5,59,6,21,73,55,92,50,40.15,HIGH,2026-09-12
ASM-0395,3,48,87,54,22,45,27,23,35,35,40.85,HIGH,2026-08-17
ASM-0396,19,4,78,79,78,31,82,37,63,52,54.5,HIGH,2026-09-03
ASM-0397,7,11,35,49,17,53,25,82,67,31,32.95,MODERATE,2026-01-10
ASM-0398,48,100,91,45,61,69,100,62,44,72,73.6,CRITICAL,2026-09-15
ASM-0399,41,49,34,23,3,40,76,28,3,99,39.2,MODERATE,2026-05-24
ASM-0400,7,60,67,45,98,74,29,20,12,31,45.85,HIGH,2026-05-04
ASM-0401,34,68,94,7,97,28,73,49,45,22,58.5,HIGH,2026-04-01
ASM-0402,30,75,40,94,89,45,75,3,90,89,65.65,HIGH,2026-06-30
ASM-0403,72,72,18,72,24,63,69,39,22,62,51.05,HIGH,2026-01-20
ASM-0404,11,7,29,77,28,2,67,61,0,42,32.3,MODERATE,2026-04-14
ASM-0405,16,43,91,22,41,7,2,18,75,90,41.55,HIGH,2026-03-14
ASM-0406,99,14,67,46,9,47,90,84,50,75,56.35,HIGH,2026-02-21
ASM-0407,43,38,41,17,20,93,55,81,62,83,47.15,HIGH,2026-06-12
ASM-0408,22,90,71,88,78,100,45,28,85,75,68.35,HIGH,2026-03-31
ASM-0409,48,39,93,88,37,16,22,93,0,89,50.3,HIGH,2026-07-20
ASM-0410,98,72,4,23,77,40,78,28,81,72,58.0,HIGH,2026-02-23
ASM-0411,63,18,42,95,9,30,44,40,21,81,41.95,HIGH,2026-02-15
ASM-0412,90,85,81,93,42,57,1,33,26,31,56.2,HIGH,2026-02-04
ASM-0413,44,32,100,13,92,0,6,49,56,93,48.3,HIGH,2026-08-03
ASM-0414,21,52,63,48,44,69,48,12,61,100,50.9,HIGH,2026-04-26
ASM-0415,20,57,9,4,37,2,40,33,13,9,25.5,MODERATE,2026-06-25
ASM-0416,21,48,20,93,9,70,11,43,76,78,41.3,HIGH,2026-09-05
ASM-0417,90,3,55,83,21,77,55,20,6,12,42.4,HIGH,2026-06-19
ASM-0418,26,24,52,89,70,92,93,69,33,84,59.4,HIGH,2026-05-25
ASM-0419,38,30,12,6,50,73,70,62,19,6,35.15,MODERATE,2026-07-04
ASM-0420,0,54,11,37,84,80,76,61,25,12,43.4,HIGH,2026-01-14
ASM-0421,26,21,81,37,10,60,14,39,100,50,42.15,HIGH,2026-08-30
ASM-0422,62,84,33,11,82,69,49,23,47,48,52.1,HIGH,2026-07-09
ASM-0423,23,57,5,33,56,59,33,28,34,72,36.8,MODERATE,2026-02-01
ASM-0424,19,96,89,85,12,10,85,44,69,52,64.3,HIGH,2026-04-27
ASM-0425,70,7,49,66,53,68,87,60,73,30,55.55,HIGH,2026-09-01
ASM-0426,38,10,50,91,4,64,73,66,73,86,51.35,HIGH,2026-03-17
ASM-0427,15,96,57,22,21,27,24,16,5,54,37.7,MODERATE,2026-02-10
ASM-0428,87,55,25,80,18,76,33,40,93,8,50.95,HIGH,2026-02-14
ASM-0429,49,71,50,70,41,35,66,58,1,100,53.8,HIGH,2026-09-25
ASM-0430,100,53,14,53,19,18,72,75,74,97,54.95,HIGH,2026-02-21
ASM-0431,13,72,99,12,100,36,68,44,52,33,59.2,HIGH,2026-07-16
ASM-0432,83,62,73,77,60,4,22,35,51,18,53.5,HIGH,2026-07-25
ASM-0433,4,50,42,88,30,6,95,60,34,47,49.3,HIGH,2026-01-11
ASM-0434,43,38,39,35,62,89,87,12,29,17,47.4,HIGH,2026-06-03
ASM-0435,95,56,99,41,34,93,53,77,82,11,65.45,HIGH,2026-04-07
ASM-0436,56,27,52,94,62,97,66,47,7,65,54.1,HIGH,2026-03-23
ASM-0437,8,39,90,64,51,17,99,67,72,3,58.05,HIGH,2026-03-30
ASM-0438,24,25,7,31,4,58,6,46,90,25,27.05,MODERATE,2026-05-21
ASM-0439,47,59,64,50,81,15,87,3,30,47,55.55,HIGH,2026-09-08
ASM-0440,76,57,22,60,75,70,44,44,20,33,48.9,HIGH,2026-02-16
ASM-0441,36,3,49,6,20,73,99,27,28,82,40.75,HIGH,2026-04-26
ASM-0442,86,26,34,83,52,65,2,99,98,87,53.75,HIGH,2026-01-05
ASM-0443,60,16,82,22,76,1,28,32,77,39,46.0,HIGH,2026-05-21
ASM-0444,54,48,44,58,32,27,59,38,86,66,52.2,HIGH,2026-07-23
ASM-0445,74,13,0,65,84,47,71,82,76,77,52.8,HIGH,2026-05-25
ASM-0446,38,87,13,61,8,43,35,81,41,35,43.0,HIGH,2026-05-14
ASM-0447,83,91,83,38,24,19,66,97,30,7,59.65,HIGH,2026-07-26
ASM-0448,84,40,87,17,92,3,83,63,37,33,59.45,HIGH,2026-08-03
ASM-0449,51,49,94,4,74,90,73,24,43,92,59.9,HIGH,2026-04-24
ASM-0450,87,68,81,100,60,85,45,64,38,21,66.1,HIGH,2026-04-03
ASM-0451,37,12,60,16,94,33,92,71,97,23,55.35,HIGH,2026-06-21
ASM-0452,83,11,28,45,28,95,39,53,100,42,46.8,HIGH,2026-07-10
ASM-0453,33,74,37,59,15,60,6,81,74,74,46.4,HIGH,2026-02-06
ASM-0454,60,24,64,15,87,48,67,38,52,6,49.25,HIGH,2026-03-19
ASM-0455,17,25,43,52,72,58,18,40,91,23,42.15,HIGH,2026-02-11
ASM-0456,62,42,80,22,40,81,7,0,57,35,43.25,HIGH,2026-04-18
ASM-0457,97,99,21,73,97,20,62,100,97,99,74.65,CRITICAL,2026-02-15
ASM-0458,16,78,55,81,54,51,54,61,49,0,53.65,HIGH,2026-01-20
ASM-0459,68,25,93,47,1,41,96,67,24,2,51.6,HIGH,2026-01-03
ASM-0460,80,93,31,28,88,44,39,16,13,49,50.8,HIGH,2026-09-15
ASM-0461,75,39,21,8,5,38,37,58,93,66,40.75,HIGH,2026-09-26
ASM-0462,43,55,87,17,43,62,45,96,24,21,49.7,HIGH,2026-07-26
ASM-0463,2,29,28,93,16,27,93,2,75,64,45.75,HIGH,2026-03-28
ASM-0464,15,46,91,83,4,48,81,32,98,68,60.1,HIGH,2026-01-25
ASM-0465,76,6,84,13,83,2,6,88,14,53,40.15,HIGH,2026-08-16
ASM-0466,48,15,70,32,60,89,19,26,88,87,48.5,HIGH,2026-01-05
ASM-0467,38,53,84,12,84,66,34,79,77,89,58.45,HIGH,2026-03-12
ASM-0468,53,13,65,92,79,15,36,14,100,13,51.6,HIGH,2026-09-12
ASM-0469,25,77,25,99,33,66,25,45,90,52,51.9,HIGH,2026-06-01
ASM-0470,20,5,70,63,26,88,61,42,30,0,40.8,HIGH,2026-01-07
ASM-0471,85,11,14,73,85,63,19,11,99,65,47.75,HIGH,2026-02-08
ASM-0472,92,92,12,32,82,29,58,37,33,59,54.45,HIGH,2026-01-26
ASM-0473,12,22,5,37,46,86,40,54,94,14,36.65,MODERATE,2026-02-18
ASM-0474,97,5,1,17,84,82,21,42,45,56,37.35,MODERATE,2026-05-18
ASM-0475,93,11,47,43,23,14,51,51,58,34,43.0,HIGH,2026-07-17
ASM-0476,88,61,53,83,21,14,16,89,92,7,53.4,HIGH,2026-03-23
ASM-0477,13,53,75,61,72,86,56,23,78,48,57.85,HIGH,2026-07-03
ASM-0478,78,3,87,93,16,61,62,14,52,56,53.25,HIGH,2026-01-24
ASM-0479,8,33,83,40,1,90,86,67,98,95,57.6,HIGH,2026-04-25
ASM-0480,85,43,66,66,88,89,79,12,55,84,66.85,HIGH,2026-05-08
ASM-0481,61,44,84,86,82,49,19,71,78,6,59.05,HIGH,2026-01-06
ASM-0482,82,20,64,60,63,21,9,96,62,41,48.55,HIGH,2026-05-04
ASM-0483,42,35,6,64,28,70,82,48,51,30,44.35,HIGH,2026-02-10
ASM-0484,58,56,73,57,11,63,57,40,15,63,50.3,HIGH,2026-01-10
ASM-0485,13,51,52,4,71,70,0,11,77,79,39.95,MODERATE,2026-06-05
ASM-0486,65,71,26,83,85,58,43,46,6,28,51.5,HIGH,2026-08-21
ASM-0487,42,71,98,79,76,60,91,84,46,91,75.05,CRITICAL,2026-08-20
ASM-0488,14,12,97,84,28,0,43,45,81,37,47.6,HIGH,2026-09-25
ASM-0489,47,89,13,5,21,63,17,91,95,92,46.95,HIGH,2026-07-29
ASM-0490,13,32,78,25,24,15,50,27,58,100,43.1,HIGH,2026-04-08
ASM-0491,91,43,13,96,53,5,81,86,75,15,57.35,HIGH,2026-08-19
ASM-0492,58,84,75,64,17,63,0,67,94,6,53.95,HIGH,2026-08-10
ASM-0493,74,61,65,99,22,88,74,22,93,16,65.1,HIGH,2026-02-23
ASM-0494,49,84,76,77,41,64,49,53,77,88,66.0,HIGH,2026-05-08
ASM-0495,35,50,43,37,57,17,17,52,77,89,45.0,HIGH,2026-09-20
ASM-0496,38,89,70,40,91,94,70,80,27,25,63.9,HIGH,2026-04-18
ASM-0497,79,91,37,87,44,86,16,90,83,22,60.8,HIGH,2026-09-15
ASM-0498,69,88,81,41,90,14,97,45,71,61,73.0,CRITICAL,2026-08-02
ASM-0499,86,95,68,36,54,1,66,13,3,48,55.35,HIGH,2026-03-16
ASM-0500,6,85,7,25,34,96,100,20,36,87,49.05,HIGH,2026-05-09
ASM-0501,18,7,88,100,37,26,96,69,4,45,51.55,HIGH,2026-08-20
ASM-0502,13,78,86,94,71,28,95,82,71,49,71.7,CRITICAL,2026-05-02
ASM-0503,65,100,89,36,88,85,6,48,49,53,62.35,HIGH,2026-06-10
ASM-0504,70,6,1,95,32,25,79,99,56,28,45.8,HIGH,2026-07-08
ASM-0505,96,75,69,94,77,25,99,92,24,37,73.25,CRITICAL,2026-08-18
ASM-0506,22,87,9,23,22,94,65,15,48,5,41.35,HIGH,2026-08-08
ASM-0507,35,71,33,16,20,74,32,0,42,59,38.35,MODERATE,2026-03-21
ASM-0508,5,19,41,76,6,99,80,78,84,38,48.85,HIGH,2026-09-09
ASM-0509,73,70,45,9,100,90,40,67,28,23,53.25,HIGH,2026-09-24
ASM-0510,8,100,64,20,53,69,68,51,11,44,52.2,HIGH,2026-04-24
ASM-0511,27,84,42,42,46,37,27,96,79,67,52.35,HIGH,2026-09-01
ASM-0512,71,96,83,1,14,85,44,57,30,82,56.25,HIGH,2026-05-05
ASM-0513,5,87,41,48,14,49,32,69,92,36,47.6,HIGH,2026-01-13
ASM-0514,66,98,47,65,65,57,62,5,37,83,61.6,HIGH,2026-04-09
ASM-0515,41,65,10,12,21,98,68,68,0,80,41.15,HIGH,2026-02-03
ASM-0516,26,85,80,99,27,87,54,13,26,68,59.05,HIGH,2026-08-11
ASM-0517,82,9,95,87,19,3,58,91,42,4,52.2,HIGH,2026-02-14
ASM-0518,9,6,22,32,71,9,73,29,33,52,34.15,MODERATE,2026-07-18
ASM-0519,57,80,51,55,40,2,49,86,15,68,51.5,HIGH,2026-01-04
ASM-0520,82,92,79,8,96,95,74,5,89,9,69.7,HIGH,2026-07-03
ASM-0521,64,13,37,100,87,38,77,11,36,97,55.05,HIGH,2026-08-13
ASM-0522,48,50,84,3,60,20,68,28,17,95,50.25,HIGH,2026-07-20
ASM-0523,69,37,81,18,38,86,93,82,47,1,57.3,HIGH,2026-03-14
ASM-0524,15,5,0,73,76,50,68,70,10,39,36.3,MODERATE,2026-04-18
ASM-0525,95,94,92,44,27,52,82,65,18,20,65.45,HIGH,2026-04-05
ASM-0526,28,78,32,24,14,23,85,72,6,96,46.0,HIGH,2026-08-25
ASM-0527,82,70,9,37,85,8,32,12,25,92,45.15,HIGH,2026-09-07
ASM-0528,42,45,16,85,83,30,12,36,79,8,43.55,HIGH,2026-04-10
ASM-0529,40,62,57,42,78,84,39,88,74,19,56.65,HIGH,2026-07-06
ASM-0530,40,54,21,0,40,31,100,28,91,94,51.0,HIGH,2026-08-12
ASM-0531,35,46,17,86,93,42,61,59,57,45,53.0,HIGH,2026-06-06
ASM-0532,62,70,13,22,82,77,10,35,17,68,41.25,HIGH,2026-04-11
ASM-0533,33,93,80,9,93,9,2,64,80,3,51.55,HIGH,2026-07-27
ASM-0534,98,75,27,4,70,33,69,69,60,83,58.1,HIGH,2026-03-18
ASM-0535,46,50,28,98,75,93,37,17,59,64,53.75,HIGH,2026-09-19
ASM-0536,11,50,46,64,1,84,30,78,87,21,44.35,HIGH,2026-09-21
ASM-0537,17,57,20,22,72,72,84,18,94,93,53.8,HIGH,2026-09-05
ASM-0538,45,5,28,97,62,29,8,33,47,29,35.8,MODERATE,2026-01-22
ASM-0539,85,26,66,46,49,60,58,5,5,83,48.4,HIGH,2026-06-15
ASM-0540,13,90,66,81,35,94,33,74,69,72,60.15,HIGH,2026-03-31
ASM-0541,48,83,48,46,75,83,9,66,32,48,50.95,HIGH,2026-04-25
ASM-0542,66,51,45,44,62,61,77,0,64,17,53.45,HIGH,2026-08-14
ASM-0543,21,29,9,65,82,35,27,19,23,20,32.55,MODERATE,2026-07-05
ASM-0544,77,91,15,84,29,53,42,92,14,61,52.9,HIGH,2026-09-03
ASM-0545,61,26,75,20,82,52,2,31,5,16,37.2,MODERATE,2026-03-24
ASM-0546,17,80,65,5,73,18,7,21,33,23,38.7,MODERATE,2026-09-22
ASM-0547,51,76,72,81,2,92,93,84,36,10,62.45,HIGH,2026-04-21
ASM-0548,57,77,60,61,21,28,52,76,18,74,52.95,HIGH,2026-04-04
ASM-0549,79,84,65,33,21,92,87,43,58,76,65.05,HIGH,2026-02-05
ASM-0550,29,48,49,16,13,2,25,66,64,87,38.25,MODERATE,2026-08-03
ASM-0551,19,77,12,22,60,78,76,4,100,68,52.35,HIGH,2026-09-15
ASM-0552,96,15,11,61,84,16,77,69,0,99,48.75,HIGH,2026-08-09
ASM-0553,66,53,47,5,89,67,54,29,61,98,54.9,HIGH,2026-07-15
ASM-0554,44,75,94,97,89,73,12,54,17,32,59.8,HIGH,2026-09-02
ASM-0555,98,29,10,36,76,69,52,32,24,0,42.1,HIGH,2026-01-04
ASM-0556,73,66,15,66,0,48,83,26,88,40,53.0,HIGH,2026-07-29
ASM-0557,46,13,19,54,83,74,32,33,68,54,42.75,HIGH,2026-07-07
ASM-0558,78,35,87,50,96,26,52,70,100,71,66.85,HIGH,2026-09-05
ASM-0559,22,47,71,71,61,32,39,73,44,99,53.55,HIGH,2026-07-23
ASM-0560,94,17,84,15,95,29,57,100,89,20,60.45,HIGH,2026-02-21
ASM-0561,27,65,51,100,43,70,78,89,87,90,67.25,HIGH,2026-01-27
ASM-0562,20,49,81,0,11,18,60,76,55,11,42.35,HIGH,2026-02-02
ASM-0563,33,28,47,10,77,4,92,49,51,78,48.7,HIGH,2026-09-24
ASM-0564,36,91,76,7,99,22,81,63,56,1,61.3,HIGH,2026-04-14
ASM-0565,84,66,36,24,4,100,76,65,66,89,57.2,HIGH,2026-04-29
ASM-0566,78,21,86,4,46,30,83,0,20,11,45.35,HIGH,2026-05-22
ASM-0567,99,51,45,85,50,51,75,25,66,1,59.5,HIGH,2026-02-05
ASM-0568,11,70,36,92,71,74,44,44,35,28,50.7,HIGH,2026-04-10
ASM-0569,58,51,73,0,33,22,52,64,13,71,44.65,HIGH,2026-02-07
ASM-0570,64,37,43,14,65,32,68,73,32,88,49.35,HIGH,2026-08-15
ASM-0571,48,72,61,98,31,96,43,99,58,87,64.0,HIGH,2026-08-24
ASM-0572,75,3,61,14,33,8,48,81,100,28,44.85,HIGH,2026-04-28
ASM-0573,40,52,45,66,68,1,89,33,31,36,51.9,HIGH,2026-02-17
ASM-0574,51,86,95,43,9,70,22,60,40,45,53.5,HIGH,2026-04-22
ASM-0575,73,34,23,95,87,24,63,94,25,30,53.4,HIGH,2026-05-04
ASM-0576,33,26,29,25,31,79,45,19,99,13,39.35,MODERATE,2026-03-03
ASM-0577,10,86,84,63,78,0,97,69,5,61,62.15,HIGH,2026-07-10
ASM-0578,79,40,63,73,35,62,23,97,65,35,53.8,HIGH,2026-07-23
ASM-0579,28,96,73,16,6,67,54,61,69,4,51.95,HIGH,2026-09-15
ASM-0580,44,50,87,99,22,58,15,89,66,58,56.15,HIGH,2026-06-11
ASM-0581,88,1,1,86,26,48,74,12,41,46,40.8,HIGH,2026-05-13
ASM-0582,23,70,33,30,34,60,78,43,46,23,46.75,HIGH,2026-09-13
ASM-0583,54,26,53,89,96,47,46,51,35,57,53.9,HIGH,2026-04-03
ASM-0584,73,16,73,87,29,12,92,34,30,71,54.9,HIGH,2026-08-10
ASM-0585,48,25,18,94,19,60,1,22,53,63,35.25,MODERATE,2026-03-10
ASM-0586,80,66,68,92,40,100,62,38,32,71,64.25,HIGH,2026-01-25
ASM-0587,50,12,88,20,7,27,32,60,80,12,40.45,HIGH,2026-08-19
ASM-0588,95,42,33,46,46,71,71,32,44,2,50.25,HIGH,2026-07-30
ASM-0589,15,44,86,77,25,73,73,83,83,68,61.65,HIGH,2026-03-31
ASM-0590,99,36,45,41,86,65,62,99,94,57,64.5,HIGH,2026-02-10
ASM-0591,48,78,36,59,80,18,21,81,43,53,50.85,HIGH,2026-07-27
ASM-0592,9,10,20,43,29,40,40,83,37,90,32.95,MODERATE,2026-05-17
ASM-0593,77,82,50,34,56,99,46,95,75,66,63.9,HIGH,2026-08-19
ASM-0594,52,21,23,2,16,93,30,84,32,95,34.9,MODERATE,2026-02-10
ASM-0595,26,21,50,13,12,8,60,70,6,3,29.4,MODERATE,2026-07-23
ASM-0596,67,97,10,13,33,79,19,10,83,49,45.4,HIGH,2026-06-08
ASM-0597,29,31,94,36,56,80,16,16,67,21,45.8,HIGH,2026-01-15
ASM-0598,4,84,45,41,60,59,69,34,70,56,54.65,HIGH,2026-03-11
ASM-0599,89,69,22,75,76,58,80,95,81,72,69.0,HIGH,2026-08-11
ASM-0600,67,81,81,68,39,44,61,69,29,11,59.95,HIGH,2026-08-15
ASM-0601,39,46,52,33,19,38,1,0,66,97,37.3,MODERATE,2026-03-11
ASM-0602,44,36,60,68,1,88,62,96,61,38,52.2,HIGH,2026-01-05
ASM-0603,98,55,37,76,29,0,70,47,24,52,51.95,HIGH,2026-08-12
ASM-0604,50,31,20,91,94,82,49,48,28,33,49.45,HIGH,2026-02-10
ASM-0605,54,80,30,66,97,78,88,87,34,36,64.85,HIGH,2026-05-18
ASM-0606,52,24,8,23,17,37,14,81,58,79,31.75,MODERATE,2026-08-20
ASM-0607,34,89,79,62,24,41,2,19,6,68,44.5,HIGH,2026-01-12
ASM-0608,23,13,36,34,16,91,56,93,1,29,33.8,MODERATE,2026-02-16
ASM-0609,19,1,63,27,43,53,39,100,63,47,40.65,HIGH,2026-08-26
ASM-0610,89,4,42,10,96,18,7,34,99,50,42.45,HIGH,2026-02-06
ASM-0611,69,60,23,24,32,48,1,15,98,91,42.6,HIGH,2026-05-08
ASM-0612,49,98,56,31,94,4,25,58,94,98,61.65,HIGH,2026-02-18
ASM-0613,66,85,26,60,49,87,39,41,20,80,52.4,HIGH,2026-01-22
ASM-0614,95,70,66,15,32,61,81,38,25,46,56.5,HIGH,2026-01-27
ASM-0615,85,27,14,30,81,55,41,1,21,35,38.55,MODERATE,2026-03-03
ASM-0616,50,31,1,5,74,100,88,60,88,76,51.5,HIGH,2026-03-21
ASM-0617,47,98,11,31,20,63,11,87,79,43,45.35,HIGH,2026-01-31
ASM-0618,7,45,82,19,89,68,13,16,62,29,44.35,HIGH,2026-06-12
ASM-0619,71,100,82,96,44,56,93,24,2,88,70.95,CRITICAL,2026-07-13
ASM-0620,45,92,17,32,5,62,90,56,71,37,52.9,HIGH,2026-09-08
ASM-0621,24,72,23,69,44,41,93,59,35,76,54.2,HIGH,2026-03-24
ASM-0622,8,67,19,57,37,33,69,46,58,0,43.2,HIGH,2026-09-17
ASM-0623,48,93,23,2,79,46,99,79,30,41,56.45,HIGH,2026-02-02
ASM-0624,84,68,49,24,67,87,63,98,70,19,61.7,HIGH,2026-05-25
ASM-0625,41,52,82,41,14,12,66,84,8,5,45.45,HIGH,2026-03-08
ASM-0626,22,4,25,13,62,24,12,4,73,82,28.65,MODERATE,2026-07-18
ASM-0627,84,62,67,79,89,75,32,6,46,28,59.4,HIGH,2026-02-06
ASM-0628,1,26,83,62,10,59,81,7,46,71,47.25,HIGH,2026-08-01
ASM-0629,47,90,7,78,34,67,5,93,9,38,42.0,HIGH,2026-02-09
ASM-0630,27,66,12,12,92,29,68,49,24,24,42.5,HIGH,2026-09-27
ASM-0631,84,31,72,80,22,71,95,71,53,95,65.45,HIGH,2026-02-24
ASM-0632,98,81,73,45,86,58,89,85,54,13,72.55,CRITICAL,2026-03-27
ASM-0633,23,70,51,64,43,84,20,68,76,56,52.15,HIGH,2026-06-30
ASM-0634,40,70,41,47,52,97,81,55,92,41,61.55,HIGH,2026-05-04
ASM-0635,72,69,27,48,98,70,95,32,46,57,63.0,HIGH,2026-08-18
ASM-0636,50,0,92,4,36,76,2,66,17,38,33.8,MODERATE,2026-01-04
ASM-0637,38,28,27,40,2,98,88,35,70,65,46.35,HIGH,2026-03-21
ASM-0638,12,4,58,45,19,17,33,46,74,31,33.95,MODERATE,2026-04-30
ASM-0639,32,38,11,73,51,72,27,93,9,92,40.75,HIGH,2026-06-16
ASM-0640,61,22,62,88,89,73,12,76,82,38,55.75,HIGH,2026-01-20
ASM-0641,93,73,48,10,99,7,98,42,44,55,62.65,HIGH,2026-08-02
ASM-0642,15,98,29,95,83,77,1,81,99,80,60.3,HIGH,2026-07-15
ASM-0643,6,39,67,5,40,69,72,19,41,64,43.5,HIGH,2026-04-24
ASM-0644,19,6,86,93,50,57,96,76,73,64,61.55,HIGH,2026-02-16
ASM-0645,28,55,37,100,50,18,16,43,10,60,41.05,HIGH,2026-01-26
ASM-0646,70,51,33,10,51,64,55,99,89,16,51.8,HIGH,2026-03-11
ASM-0647,61,71,25,62,50,83,73,25,71,78,59.05,HIGH,2026-09-26
ASM-0648,31,31,9,34,99,55,41,87,73,11,43.5,HIGH,2026-02-27
ASM-0649,85,52,54,46,44,24,41,44,76,83,54.7,HIGH,2026-01-13
ASM-0650,98,39,21,44,78,56,79,18,56,5,52.4,HIGH,2026-04-30
ASM-0651,25,87,47,19,96,93,10,14,94,6,50.65,HIGH,2026-05-05
ASM-0652,79,18,36,1,43,88,14,39,57,60,37.55,MODERATE,2026-01-12
ASM-0653,42,26,94,68,27,26,69,66,96,33,57.9,HIGH,2026-09-05
ASM-0654,79,93,18,88,89,85,2,48,74,84,60.8,HIGH,2026-09-27
ASM-0655,5,32,21,7,36,25,89,79,34,6,35.0,MODERATE,2026-08-27
ASM-0656,83,1,8,49,84,34,84,84,46,13,46.7,HIGH,2026-01-10
ASM-0657,37,83,49,29,48,65,90,12,40,62,55.65,HIGH,2026-02-15
ASM-0658,23,25,64,58,71,91,2,5,31,67,40.1,HIGH,2026-06-06
ASM-0659,42,62,50,95,20,2,44,87,45,45,50.3,HIGH,2026-06-04
ASM-0660,30,64,35,7,80,32,49,3,71,35,44.5,HIGH,2026-04-26
ASM-0661,19,43,50,84,17,11,93,48,66,86,53.75,HIGH,2026-04-27
ASM-0662,53,30,73,19,54,39,77,42,57,69,52.8,HIGH,2026-03-09
ASM-0663,26,83,17,74,69,87,25,17,39,88,49.15,HIGH,2026-09-26
ASM-0664,17,55,98,18,83,72,20,40,8,71,47.7,HIGH,2026-03-02
ASM-0665,23,40,18,93,3,97,40,52,52,38,41.15,HIGH,2026-08-15
ASM-0666,95,81,94,35,19,99,24,13,16,23,53.1,HIGH,2026-01-14
ASM-0667,97,78,78,34,77,72,78,29,76,29,70.0,HIGH,2026-04-29
ASM-0668,87,3,45,10,88,99,61,17,64,77,50.9,HIGH,2026-08-29
ASM-0669,91,83,47,23,49,62,60,17,20,24,51.95,HIGH,2026-04-26
ASM-0670,4,52,97,1,34,52,28,95,85,25,47.55,HIGH,2026-04-15
ASM-0671,8,22,56,78,62,88,41,58,31,54,45.75,HIGH,2026-07-27
ASM-0672,99,5,77,94,48,92,40,50,78,95,62.05,HIGH,2026-09-26
ASM-0673,82,90,100,4,66,13,57,58,5,31,57.85,HIGH,2026-09-23
ASM-0674,68,50,94,5,71,49,66,97,80,6,61.5,HIGH,2026-04-08
ASM-0675,37,56,50,38,99,36,59,21,54,37,52.25,HIGH,2026-01-28
ASM-0676,88,66,18,59,82,57,11,92,64,14,51.7,HIGH,2026-04-03
ASM-0677,99,74,89,69,17,50,52,41,57,3,61.15,HIGH,2026-04-02
ASM-0678,58,75,91,25,58,11,32,41,88,83,59.35,HIGH,2026-03-25
ASM-0679,91,93,15,11,14,90,57,81,46,10,50.0,HIGH,2026-09-26
ASM-0680,90,49,93,65,78,20,48,70,48,5,61.35,HIGH,2026-03-29
ASM-0681,42,72,84,19,20,18,22,98,91,6,50.0,HIGH,2026-08-03
ASM-0682,39,39,93,98,57,36,80,23,15,16,56.45,HIGH,2026-04-14
ASM-0683,0,79,97,32,1,58,63,63,69,0,52.1,HIGH,2026-09-10
ASM-0684,30,27,75,84,60,58,52,56,10,76,51.0,HIGH,2026-01-04
ASM-0685,31,70,35,79,80,71,26,6,23,18,45.7,HIGH,2026-01-29
ASM-0686,83,44,4,18,4,85,73,77,38,42,42.65,HIGH,2026-02-14
ASM-0687,6,13,53,22,20,86,36,78,84,88,41.1,HIGH,2026-04-01
ASM-0688,58,95,74,46,4,11,98,38,41,47,59.75,HIGH,2026-07-14
ASM-0689,8,97,54,70,8,37,60,17,15,88,48.85,HIGH,2026-05-21
ASM-0690,42,67,52,67,26,89,26,78,7,13,44.95,HIGH,2026-09-28
ASM-0691,11,61,92,88,77,100,90,36,54,77,70.1,CRITICAL,2026-06-12
ASM-0692,33,67,73,79,45,16,78,72,63,66,62.4,HIGH,2026-09-12
ASM-0693,63,23,78,29,90,37,24,0,15,3,40.45,HIGH,2026-08-27
ASM-0694,80,15,94,26,78,53,52,5,42,44,51.85,HIGH,2026-04-19
ASM-0695,1,81,25,88,36,32,8,39,38,64,40.15,HIGH,2026-06-15
ASM-0696,98,0,14,87,42,43,50,92,72,78,50.15,HIGH,2026-01-15
ASM-0697,22,24,42,43,86,61,60,4,82,17,46.3,HIGH,2026-09-04
ASM-0698,19,80,58,68,42,59,100,52,95,7,64.0,HIGH,2026-09-24
ASM-0699,38,72,92,86,40,71,68,2,26,73,61.1,HIGH,2026-06-19
ASM-0700,45,8,19,35,3,43,48,80,68,21,33.55,MODERATE,2026-07-19
ASM-0701,23,76,14,100,96,39,90,40,90,4,62.05,HIGH,2026-05-20
ASM-0702,52,11,63,30,47,57,38,27,67,38,42.5,HIGH,2026-03-31
ASM-0703,14,47,100,4,99,25,11,56,64,3,46.0,HIGH,2026-09-05
ASM-0704,64,19,24,43,61,93,67,39,99,41,51.85,HIGH,2026-03-15
ASM-0705,98,12,66,86,16,26,92,4,58,49,55.25,HIGH,2026-09-25
ASM-0706,14,0,39,5,87,76,11,42,59,5,30.15,MODERATE,2026-02-22
ASM-0707,66,98,84,95,39,2,73,97,39,81,71.15,CRITICAL,2026-04-18
ASM-0708,41,25,24,36,35,68,40,98,56,85,42.7,HIGH,2026-03-02
ASM-0709,34,19,20,35,14,1,79,71,65,13,36.75,MODERATE,2026-04-16
ASM-0710,69,44,70,40,34,18,90,36,73,31,56.45,HIGH,2026-03-29
ASM-0711,9,39,78,43,69,56,6,16,3,60,37.45,MODERATE,2026-01-26
ASM-0712,13,49,6,11,54,50,22,90,76,75,37.7,MODERATE,2026-08-17
ASM-0713,78,45,39,42,25,91,97,85,68,10,57.75,HIGH,2026-08-27
ASM-0714,72,16,11,89,59,12,58,39,87,82,50.1,HIGH,2026-08-27
ASM-0715,60,29,28,18,78,33,46,50,23,89,41.95,HIGH,2026-06-19
ASM-0716,100,41,58,62,3,8,60,14,44,61,48.9,HIGH,2026-08-25
ASM-0717,21,36,98,44,77,73,16,65,13,51,47.45,HIGH,2026-02-24
ASM-0718,41,71,83,9,38,68,59,51,75,52,56.8,HIGH,2026-05-03
ASM-0719,79,31,70,20,61,49,8,43,26,88,43.95,HIGH,2026-08-09
ASM-0720,100,55,72,100,43,69,88,30,22,84,67.9,HIGH,2026-02-09
ASM-0721,94,91,73,62,14,75,76,59,41,71,67.35,HIGH,2026-02-19
ASM-0722,56,22,39,51,8,76,13,87,76,98,43.25,HIGH,2026-07-14
ASM-0723,41,63,82,84,7,11,27,17,74,96,52.6,HIGH,2026-01-01
ASM-0724,96,18,84,19,57,68,37,49,78,73,55.35,HIGH,2026-08-17
ASM-0725,25,26,87,40,38,72,86,38,55,91,55.7,HIGH,2026-06-26
ASM-0726,11,74,1,78,65,51,16,37,7,47,36.5,MODERATE,2026-01-28
ASM-0727,0,90,71,45,14,36,3,30,55,89,43.75,HIGH,2026-07-21
ASM-0728,80,40,91,48,51,48,55,69,27,84,58.55,HIGH,2026-03-30
ASM-0729,60,17,24,71,49,46,53,19,36,85,43.2,HIGH,2026-03-06
ASM-0730,17,1,9,82,2,18,92,62,84,55,40.55,HIGH,2026-03-11
ASM-0731,10,17,82,53,58,100,89,77,54,79,58.5,HIGH,2026-04-03
ASM-0732,58,65,54,70,57,49,45,28,23,54,51.95,HIGH,2026-01-04
ASM-0733,73,63,93,30,91,64,34,52,69,73,64.25,HIGH,2026-07-07
ASM-0734,4,4,72,61,90,47,14,74,61,88,45.55,HIGH,2026-02-10
ASM-0735,18,93,93,67,96,99,35,59,66,10,66.25,HIGH,2026-09-25
ASM-0736,78,11,31,60,80,94,84,85,9,87,54.9,HIGH,2026-06-09
ASM-0737,78,6,43,68,99,1,60,58,65,60,53.3,HIGH,2026-06-19
ASM-0738,53,45,37,37,21,4,88,76,95,38,52.0,HIGH,2026-05-14
ASM-0739,7,80,60,74,21,73,6,84,37,94,48.35,HIGH,2026-01-14
ASM-0740,36,62,10,16,64,9,100,35,32,16,43.6,HIGH,2026-05-24
ASM-0741,35,32,1,94,14,77,22,75,94,19,40.5,HIGH,2026-08-17
ASM-0742,47,22,33,100,89,30,62,23,67,4,50.7,HIGH,2026-06-25
ASM-0743,10,18,76,19,63,96,52,98,49,30,47.2,HIGH,2026-08-14
ASM-0744,92,81,21,26,73,93,44,6,82,33,55.8,HIGH,2026-03-01
ASM-0745,6,21,59,51,60,38,60,95,96,68,52.35,HIGH,2026-04-30
ASM-0746,48,87,90,49,60,33,18,67,55,1,55.5,HIGH,2026-05-28
ASM-0747,57,48,86,40,67,87,5,12,68,81,53.05,HIGH,2026-07-01
ASM-0748,55,78,83,34,42,34,34,12,32,83,52.0,HIGH,2026-07-20
ASM-0749,59,98,86,95,30,93,86,75,98,24,78.3,CRITICAL,2026-09-24
ASM-0750,43,86,88,23,40,70,1,86,1,8,45.15,HIGH,2026-01-07
ASM-0751,52,12,67,13,87,57,44,28,92,36,48.9,HIGH,2026-05-09
ASM-0752,24,4,3,79,11,7,76,84,27,76,34.9,MODERATE,2026-03-04
ASM-0753,90,15,11,77,16,48,84,97,82,72,53.85,HIGH,2026-04-05
ASM-0754,14,89,23,32,37,59,84,9,81,58,52.1,HIGH,2026-05-22
ASM-0755,98,54,88,85,98,98,41,32,20,99,69.0,HIGH,2026-02-07
ASM-0756,35,99,7,48,49,42,7,33,33,22,38.3,MODERATE,2026-08-14
ASM-0757,8,62,25,78,50,22,82,62,13,18,45.35,HIGH,2026-08-09
ASM-0758,27,78,82,13,56,91,33,13,4,9,44.6,HIGH,2026-02-06
ASM-0759,73,93,32,99,57,2,63,19,83,81,64.5,HIGH,2026-01-01
ASM-0760,4,85,49,34,19,89,42,50,73,0,46.35,HIGH,2026-09-21
ASM-0761,90,98,62,61,55,51,93,99,100,8,76.45,CRITICAL,2026-04-26
ASM-0762,0,49,88,99,61,15,72,68,45,42,58.1,HIGH,2026-06-05
ASM-0763,51,7,80,82,11,46,68,43,10,58,46.0,HIGH,2026-05-29
ASM-0764,82,25,22,70,5,49,84,24,38,89,47.25,HIGH,2026-07-19
ASM-0765,13,80,88,45,62,10,80,56,94,24,63.1,HIGH,2026-03-13
ASM-0766,4,24,3,92,75,30,62,49,8,69,38.65,MODERATE,2026-06-07
ASM-0767,63,68,57,2,4,43,7,43,100,92,45.6,HIGH,2026-01-22
ASM-0768,51,15,27,83,85,66,58,86,68,19,52.25,HIGH,2026-04-30
ASM-0769,9,4,94,18,62,83,2,60,79,5,39.2,MODERATE,2026-05-05
ASM-0770,89,83,16,1,22,80,6,39,12,58,37.0,MODERATE,2026-03-29
ASM-0771,75,8,13,14,63,76,78,28,8,25,37.3,MODERATE,2026-08-07
ASM-0772,43,94,86,51,41,15,87,73,69,17,65.7,HIGH,2026-06-14
ASM-0773,27,97,5,75,22,42,8,15,35,18,36.15,MODERATE,2026-08-01
ASM-0774,21,89,47,70,21,56,31,74,5,17,44.1,HIGH,2026-02-21
ASM-0775,80,78,48,99,20,2,62,10,0,0,48.7,HIGH,2026-04-02
ASM-0776,11,90,83,75,36,53,88,98,60,88,69.3,HIGH,2026-03-06
ASM-0777,26,18,81,34,66,57,52,30,22,78,45.7,HIGH,2026-01-20
ASM-0778,76,23,91,63,78,11,80,100,38,44,62.35,HIGH,2026-08-03
ASM-0779,0,71,30,24,15,67,12,79,46,97,37.6,MODERATE,2026-09-17
ASM-0780,28,59,98,80,84,26,35,6,24,14,52.7,HIGH,2026-03-18
ASM-0781,87,60,63,22,20,85,5,6,82,46,47.15,HIGH,2026-05-26
ASM-0782,26,55,32,42,78,97,58,5,13,94,47.45,HIGH,2026-01-27
ASM-0783,68,22,20,100,3,62,65,14,9,30,39.35,MODERATE,2026-08-16
ASM-0784,75,74,41,53,25,95,86,41,29,99,60.1,HIGH,2026-02-26
ASM-0785,41,29,12,30,94,52,25,48,28,9,34.65,MODERATE,2026-08-30
ASM-0786,74,62,6,55,18,27,78,58,22,49,45.5,HIGH,2026-07-11
ASM-0787,17,58,92,24,80,45,34,25,42,16,48.2,HIGH,2026-01-17
ASM-0788,88,72,7,35,17,14,59,58,53,21,44.65,HIGH,2026-06-25
ASM-0789,28,37,77,20,81,78,21,73,70,29,49.15,HIGH,2026-02-14
ASM-0790,52,66,62,27,75,60,59,35,1,93,52.95,HIGH,2026-08-08
ASM-0791,94,31,31,41,55,74,28,75,19,73,45.5,HIGH,2026-01-03
ASM-0792,53,5,5,60,93,98,64,4,54,67,45.55,HIGH,2026-07-21
ASM-0793,61,89,12,57,63,30,10,71,96,1,49.45,HIGH,2026-07-28
ASM-0794,27,16,45,37,30,82,11,2,61,85,34.75,MODERATE,2026-06-06
ASM-0795,20,90,58,73,95,74,3,58,59,98,58.85,HIGH,2026-03-12
ASM-0796,90,51,23,47,80,59,90,81,0,80,57.3,HIGH,2026-02-06
ASM-0797,49,88,42,67,4,37,54,96,34,89,54.1,HIGH,2026-04-17
ASM-0798,100,87,10,79,42,94,7,65,86,46,56.55,HIGH,2026-01-27
ASM-0799,14,49,46,59,79,5,46,46,22,82,45.2,HIGH,2026-02-04
ASM-0800,71,90,99,26,17,42,30,69,14,83,55.35,HIGH,2026-09-02
ASM-0801,94,96,74,89,26,96,95,97,28,41,75.15,CRITICAL,2026-06-30
ASM-0802,34,64,87,54,35,6,8,47,44,57,46.05,HIGH,2026-09-06
ASM-0803,64,67,15,60,90,68,86,68,37,57,59.95,HIGH,2026-07-08
ASM-0804,86,88,8,24,58,11,10,50,22,36,39.75,MODERATE,2026-02-09
ASM-0805,13,21,35,14,89,18,63,19,26,66,37.2,MODERATE,2026-01-12
ASM-0806,37,53,87,69,16,60,44,53,56,94,55.75,HIGH,2026-01-11
ASM-0807,37,24,8,2,29,66,82,42,52,74,38.2,MODERATE,2026-06-25
ASM-0808,83,82,100,41,62,75,85,89,67,70,77.05,CRITICAL,2026-08-16
ASM-0809,58,38,72,16,39,21,33,29,61,47,43.7,HIGH,2026-05-28
ASM-0810,98,6,18,45,36,58,21,79,20,91,38.05,MODERATE,2026-05-27
ASM-0811,23,22,90,88,85,19,20,30,14,5,43.5,HIGH,2026-06-12
ASM-0812,73,16,56,33,47,23,26,71,90,4,43.9,HIGH,2026-06-12
ASM-0813,44,18,47,57,69,20,68,38,15,3,41.5,HIGH,2026-07-27
ASM-0814,63,98,18,58,40,19,0,94,69,64,49.25,HIGH,2026-06-19
ASM-0815,82,90,37,60,37,96,73,85,18,72,62.35,HIGH,2026-08-15
ASM-0816,43,88,14,93,61,5,17,86,70,14,49.8,HIGH,2026-06-07
ASM-0817,3,51,79,28,57,45,11,41,7,77,38.8,MODERATE,2026-04-10
ASM-0818,74,67,28,100,98,35,25,2,10,68,51.45,HIGH,2026-08-17
ASM-0819,86,85,11,65,50,24,62,40,77,77,58.55,HIGH,2026-09-19
ASM-0820,7,85,46,50,18,91,54,47,49,47,49.4,HIGH,2026-01-07
ASM-0821,36,44,44,39,57,71,11,27,93,56,45.05,HIGH,2026-08-01
ASM-0822,56,36,20,93,54,93,53,17,75,76,53.45,HIGH,2026-02-14
ASM-0823,18,26,38,60,67,42,8,75,96,48,43.15,HIGH,2026-02-15
ASM-0824,0,52,81,34,53,22,71,59,90,72,55.95,HIGH,2026-03-12
ASM-0825,25,23,48,37,70,62,5,38,74,38,38.9,MODERATE,2026-09-10
ASM-0826,71,94,59,28,3,0,19,33,38,81,45.5,HIGH,2026-08-30
ASM-0827,15,83,85,36,53,22,62,88,82,31,60.15,HIGH,2026-01-15
ASM-0828,15,97,35,63,8,76,95,46,74,61,59.2,HIGH,2026-08-12
ASM-0829,33,80,87,60,88,15,47,65,93,73,67.15,HIGH,2026-01-09
ASM-0830,33,20,74,7,18,40,59,88,17,45,39.1,MODERATE,2026-03-25
ASM-0831,6,34,46,53,81,45,6,37,37,67,38.05,MODERATE,2026-02-09
ASM-0832,65,24,98,80,23,97,12,76,96,21,56.2,HIGH,2026-06-15
ASM-0833,40,87,38,34,87,89,88,46,12,68,59.4,HIGH,2026-06-30
ASM-0834,18,1,17,66,36,47,99,62,52,43,42.35,HIGH,2026-03-25
ASM-0835,13,27,19,64,28,24,71,78,88,67,45.3,HIGH,2026-02-28
ASM-0836,53,58,9,14,16,2,61,44,39,88,38.1,MODERATE,2026-07-05
ASM-0837,17,56,76,66,97,43,22,90,38,3,51.7,HIGH,2026-03-02
ASM-0838,28,16,88,18,88,29,39,16,26,16,40.5,HIGH,2026-02-10
ASM-0839,54,88,97,100,14,9,2,99,61,96,61.15,HIGH,2026-08-09
ASM-0840,5,25,13,4,84,65,75,7,60,15,36.6,MODERATE,2026-05-10
ASM-0841,5,8,38,85,1,96,12,100,15,77,32.95,MODERATE,2026-04-16
ASM-0842,75,25,23,85,44,3,11,18,95,35,41.55,HIGH,2026-06-28
ASM-0843,45,20,64,99,93,78,30,64,72,8,55.5,HIGH,2026-02-20
ASM-0844,74,97,1,67,27,91,24,36,21,96,48.35,HIGH,2026-01-03
ASM-0845,92,12,27,64,90,60,46,89,75,23,53.45,HIGH,2026-08-14
ASM-0846,86,13,23,45,48,54,27,65,29,52,38.8,MODERATE,2026-02-27
ASM-0847,97,40,15,59,14,66,17,63,97,46,46.25,HIGH,2026-05-28
ASM-0848,71,92,5,10,41,63,14,49,36,58,40.95,HIGH,2026-06-09
ASM-0849,87,56,28,70,52,37,54,24,8,60,48.45,HIGH,2026-07-08
ASM-0850,22,1,86,62,86,13,50,56,66,84,51.8,HIGH,2026-02-13
ASM-0851,15,18,50,51,88,75,13,94,21,8,38.5,MODERATE,2026-07-06
ASM-0852,25,43,25,76,51,15,29,54,92,63,45.55,HIGH,2026-05-23
ASM-0853,97,91,98,74,75,34,96,82,51,45,80.5,CRITICAL,2026-09-01
ASM-0854,85,77,51,62,65,35,18,98,58,13,56.2,HIGH,2026-03-04
ASM-0855,32,62,63,29,80,17,3,12,94,6,44.45,HIGH,2026-02-04
ASM-0856,63,86,3,22,48,77,86,41,19,38,49.25,HIGH,2026-02-19
ASM-0857,97,9,84,96,66,98,63,59,25,37,61.5,HIGH,2026-09-12
ASM-0858,62,64,33,69,43,69,69,2,97,4,55.75,HIGH,2026-08-09
ASM-0859,15,49,57,40,48,56,58,4,4,22,39.4,MODERATE,2026-06-05
ASM-0860,90,21,62,55,17,39,91,49,62,97,57.75,HIGH,2026-02-26
ASM-0861,72,86,62,84,70,87,69,73,60,60,72.15,CRITICAL,2026-03-22
ASM-0862,64,7,50,33,63,75,48,78,86,45,50.25,HIGH,2026-05-26
ASM-0863,41,7,3,75,5,16,46,44,94,74,36.6,MODERATE,2026-01-14
ASM-0864,97,80,43,48,12,54,44,45,52,44,53.1,HIGH,2026-01-29
ASM-0865,84,31,31,30,82,39,75,10,88,8,51.8,HIGH,2026-06-06
ASM-0866,14,43,21,2,68,41,4,58,84,54,34.65,MODERATE,2026-09-21
ASM-0867,53,34,2,89,60,75,2,40,48,73,40.1,HIGH,2026-07-19
ASM-0868,41,73,12,62,12,88,86,26,43,63,50.3,HIGH,2026-09-15
ASM-0869,97,85,43,21,78,38,46,55,25,63,56.0,HIGH,2026-02-08
ASM-0870,68,27,36,33,6,38,73,51,28,79,42.3,HIGH,2026-02-17
ASM-0871,91,74,12,75,43,34,8,72,67,60,50.0,HIGH,2026-08-07
ASM-0872,26,44,9,83,38,64,38,55,84,69,46.15,HIGH,2026-06-10
ASM-0873,25,53,51,32,79,65,58,85,97,70,58.6,HIGH,2026-04-03
ASM-0874,2,80,90,66,23,73,63,27,84,95,62.2,HIGH,2026-08-28
ASM-0875,34,81,68,78,98,55,72,93,80,7,69.9,HIGH,2026-09-25
ASM-0876,25,46,59,18,30,19,95,87,97,38,54.2,HIGH,2026-08-11
ASM-0877,52,40,8,81,26,52,34,36,82,20,41.8,HIGH,2026-05-12
ASM-0878,87,76,30,51,30,14,19,24,3,31,39.3,MODERATE,2026-06-08
ASM-0879,59,62,71,55,54,82,4,25,20,34,46.4,HIGH,2026-03-11
ASM-0880,3,33,35,84,70,22,82,5,92,62,51.85,HIGH,2026-01-11
ASM-0881,7,10,40,77,38,8,52,46,85,84,42.9,HIGH,2026-02-16
ASM-0882,50,92,17,30,14,73,94,64,15,66,51.5,HIGH,2026-09-26
ASM-0883,32,63,11,30,76,15,98,40,42,74,50.25,HIGH,2026-07-19
ASM-0884,95,95,30,54,27,18,13,22,27,35,44.75,HIGH,2026-08-14
ASM-0885,52,32,75,7,62,68,47,89,14,40,46.45,HIGH,2026-08-05
ASM-0886,60,87,31,35,100,18,46,60,91,47,59.45,HIGH,2026-06-07
ASM-0887,2,82,77,4,94,84,6,88,100,85,57.6,HIGH,2026-05-03
ASM-0888,32,70,49,39,81,89,46,87,15,68,53.65,HIGH,2026-05-02
ASM-0889,56,49,1,50,32,38,11,96,30,38,34.55,MODERATE,2026-04-18
ASM-0890,20,56,80,40,98,82,52,4,35,10,52.3,HIGH,2026-09-09
ASM-0891,60,94,52,42,91,54,12,20,89,33,57.25,HIGH,2026-09-17
ASM-0892,8,45,53,77,93,70,94,41,58,88,62.35,HIGH,2026-01-15
ASM-0893,97,6,82,82,23,80,56,82,17,0,51.6,HIGH,2026-07-25
ASM-0894,25,80,39,40,73,10,14,20,31,66,41.65,HIGH,2026-03-08
ASM-0895,76,87,52,40,57,61,94,17,33,22,60.55,HIGH,2026-06-17
ASM-0896,36,25,10,53,47,23,50,48,73,28,38.6,MODERATE,2026-01-11
ASM-0897,2,71,82,78,80,29,11,59,25,33,49.15,HIGH,2026-03-28
ASM-0898,6,51,79,54,76,33,19,11,47,21,43.9,HIGH,2026-03-02
ASM-0899,1,91,67,55,98,58,86,63,15,28,60.95,HIGH,2026-04-15
ASM-0900,24,100,34,36,95,63,48,16,55,26,53.55,HIGH,2026-04-21
ASM-0901,36,93,86,24,53,23,52,18,3,37,50.15,HIGH,2026-05-15
ASM-0902,30,79,57,31,47,74,87,82,58,10,58.35,HIGH,2026-01-06
ASM-0903,60,17,41,88,50,87,27,91,49,90,50.85,HIGH,2026-08-05
ASM-0904,94,76,32,9,12,71,7,6,42,30,38.3,MODERATE,2026-08-30
ASM-0905,45,77,85,76,90,95,5,0,32,64,57.3,HIGH,2026-07-15
ASM-0906,38,50,85,47,16,71,5,74,22,33,42.2,HIGH,2026-03-28
ASM-0907,64,63,43,59,16,11,40,90,67,55,50.3,HIGH,2026-03-14
ASM-0908,33,14,40,5,16,63,35,95,46,55,34.0,MODERATE,2026-05-25
ASM-0909,33,78,97,33,66,40,55,21,40,94,59.45,HIGH,2026-09-09
ASM-0910,97,19,71,84,81,56,6,24,19,6,46.8,HIGH,2026-04-28
ASM-0911,23,4,60,33,20,90,59,55,14,63,37.85,MODERATE,2026-01-21
ASM-0912,56,45,90,71,62,58,63,14,92,18,62.3,HIGH,2026-03-05
ASM-0913,44,11,26,36,23,21,95,65,34,72,41.4,HIGH,2026-04-19
ASM-0914,74,0,67,98,73,23,53,9,31,98,52.1,HIGH,2026-09-13
ASM-0915,86,12,42,3,36,87,87,15,50,47,46.1,HIGH,2026-02-24
ASM-0916,41,19,3,10,58,90,84,61,58,80,44.15,HIGH,2026-05-18
ASM-0917,76,84,0,42,5,83,79,57,41,93,52.5,HIGH,2026-03-08
ASM-0918,27,6,82,36,41,7,95,9,70,77,49.5,HIGH,2026-07-15
ASM-0919,11,51,32,22,30,98,51,11,2,26,33.35,MODERATE,2026-03-25
ASM-0920,49,99,51,36,82,96,83,19,15,38,60.8,HIGH,2026-09-09
ASM-0921,55,94,39,87,77,16,45,85,12,47,57.2,HIGH,2026-09-20
ASM-0922,25,62,57,49,60,34,72,76,54,11,53.5,HIGH,2026-08-05
ASM-0923,47,78,23,55,80,54,11,5,65,43,46.6,HIGH,2026-08-26
ASM-0924,86,28,82,87,91,19,63,67,80,82,68.75,HIGH,2026-09-26
ASM-0925,10,37,59,55,10,61,38,19,16,87,37.55,MODERATE,2026-06-03
ASM-0926,31,66,54,37,72,6,70,9,5,65,47.0,HIGH,2026-02-25
ASM-0927,65,54,52,12,59,84,92,72,32,45,56.55,HIGH,2026-05-11
ASM-0928,74,10,98,64,2,14,94,84,59,22,56.2,HIGH,2026-04-04
ASM-0929,50,5,10,53,90,38,40,75,92,58,45.3,HIGH,2026-08-19
ASM-0930,79,33,43,23,27,23,10,95,77,33,41.05,HIGH,2026-02-24
ASM-0931,55,68,2,0,50,14,1,21,83,61,34.25,MODERATE,2026-08-24
ASM-0932,88,51,84,95,77,92,62,38,79,78,73.85,CRITICAL,2026-07-04
ASM-0933,88,86,88,86,50,38,11,16,17,1,54.6,HIGH,2026-04-08
ASM-0934,14,2,89,24,3,26,61,83,18,83,38.3,MODERATE,2026-05-04
ASM-0935,55,80,68,24,11,38,98,59,18,60,55.55,HIGH,2026-08-05
ASM-0936,2,14,21,19,94,89,56,62,60,2,38.8,MODERATE,2026-08-19
ASM-0937,74,31,25,37,72,50,6,42,1,13,32.95,MODERATE,2026-08-10
ASM-0938,53,63,94,74,76,93,70,37,4,62,64.35,HIGH,2026-07-24
ASM-0939,62,65,75,92,78,86,62,29,91,7,68.7,HIGH,2026-09-28
ASM-0940,2,54,73,40,70,8,34,82,53,60,48.15,HIGH,2026-03-01
ASM-0941,63,79,82,44,57,89,55,2,20,36,57.15,HIGH,2026-04-09
ASM-0942,60,44,56,29,64,28,75,87,43,77,55.45,HIGH,2026-08-28
ASM-0943,16,37,92,91,49,53,86,83,94,46,66.35,HIGH,2026-08-30
ASM-0944,20,79,26,36,88,95,11,85,61,16,47.7,HIGH,2026-03-30
ASM-0945,25,20,77,62,12,53,63,38,30,26,42.75,HIGH,2026-01-25
ASM-0946,2,45,33,45,86,20,22,64,4,8,33.3,MODERATE,2026-06-22
ASM-0947,55,14,79,29,15,71,28,62,33,43,40.15,HIGH,2026-07-01
ASM-0948,98,5,98,71,34,19,88,65,77,85,65.1,HIGH,2026-02-23
ASM-0949,90,6,56,58,96,14,13,100,78,78,53.05,HIGH,2026-02-22
ASM-0950,71,5,64,13,21,80,15,26,46,20,34.0,MODERATE,2026-05-30
ASM-0951,90,56,97,64,63,93,12,19,82,46,62.55,HIGH,2026-06-21
ASM-0952,17,15,25,56,53,98,98,0,31,60,44.3,HIGH,2026-06-24
ASM-0953,36,64,21,10,34,47,91,96,53,46,49.15,HIGH,2026-05-06
ASM-0954,19,96,96,67,53,100,29,17,54,52,60.9,HIGH,2026-07-29
ASM-0955,58,66,87,46,3,56,18,98,1,91,48.7,HIGH,2026-09-22
ASM-0956,8,10,43,40,51,98,21,55,7,50,31.85,MODERATE,2026-01-19
ASM-0957,84,82,19,73,7,80,91,84,66,37,61.85,HIGH,2026-08-03
ASM-0958,51,87,89,70,38,92,95,40,44,1,67.6,HIGH,2026-05-24
ASM-0959,67,78,18,89,51,57,82,26,69,79,62.4,HIGH,2026-08-15
ASM-0960,89,44,100,83,51,99,25,38,10,4,55.7,HIGH,2026-06-21
ASM-0961,49,92,92,94,16,66,69,36,27,11,62.2,HIGH,2026-09-19
ASM-0962,70,39,66,43,96,81,20,2,3,69,47.55,HIGH,2026-05-13
ASM-0963,30,99,38,92,54,64,14,93,7,47,51.15,HIGH,2026-05-13
ASM-0964,80,64,45,15,6,96,83,15,57,38,52.05,HIGH,2026-01-03
ASM-0965,58,43,30,95,74,72,91,80,85,68,66.8,HIGH,2026-04-30
ASM-0966,44,38,36,85,100,91,73,86,17,91,60.05,HIGH,2026-07-13
ASM-0967,66,94,31,13,41,66,74,24,99,46,58.55,HIGH,2026-08-21
ASM-0968,12,18,91,54,52,10,11,7,54,16,36.85,MODERATE,2026-09-01
ASM-0969,27,57,9,47,86,67,51,75,71,66,51.05,HIGH,2026-07-22
ASM-0970,33,74,63,81,54,56,88,62,93,53,68.4,HIGH,2026-03-25
ASM-0971,18,64,16,62,91,58,16,90,65,67,48.75,HIGH,2026-03-02
ASM-0972,88,27,58,60,4,95,20,71,47,15,44.7,HIGH,2026-07-29
ASM-0973,14,15,47,73,37,5,66,19,15,47,36.65,MODERATE,2026-06-06
ASM-0974,47,38,37,62,3,18,18,100,75,53,41.2,HIGH,2026-01-25
ASM-0975,39,36,27,23,94,62,0,15,70,44,38.1,MODERATE,2026-02-04
ASM-0976,5,53,61,73,39,72,57,43,100,48,55.5,HIGH,2026-09-01
ASM-0977,92,77,16,97,17,64,81,58,97,57,65.35,HIGH,2026-08-18
ASM-0978,19,93,41,11,79,85,79,52,49,29,56.05,HIGH,2026-07-22
ASM-0979,43,69,5,85,56,94,35,82,11,21,45.7,HIGH,2026-01-13
ASM-0980,73,80,98,90,39,71,82,15,82,71,75.25,CRITICAL,2026-02-13
ASM-0981,24,79,69,73,96,6,72,66,24,96,63.1,HIGH,2026-09-01
ASM-0982,64,2,15,84,68,23,2,35,100,26,38.65,MODERATE,2026-05-06
ASM-0983,90,74,56,10,68,77,41,51,75,5,56.6,HIGH,2026-09-09
ASM-0984,2,43,55,23,53,3,67,40,48,32,41.1,HIGH,2026-02-16
ASM-0985,14,12,69,21,36,18,23,32,98,11,35.55,MODERATE,2026-03-20
ASM-0986,39,52,86,21,7,78,41,23,3,91,43.45,HIGH,2026-01-30
ASM-0987,38,49,12,40,18,52,41,33,48,15,34.7,MODERATE,2026-01-27
ASM-0988,25,30,96,76,75,30,63,65,96,64,63.5,HIGH,2026-07-17
ASM-0989,14,34,7,40,59,70,52,8,61,3,35.4,MODERATE,2026-07-28
ASM-0990,81,29,2,34,70,75,86,12,31,97,48.35,HIGH,2026-03-06
ASM-0991,38,72,52,57,10,81,64,26,100,18,54.95,HIGH,2026-07-11
ASM-0992,69,21,100,31,68,54,71,57,5,0,51.65,HIGH,2026-08-26
ASM-0993,79,37,83,21,0,7,61,34,76,32,48.4,HIGH,2026-07-14
ASM-0994,44,80,27,74,65,36,5,20,94,68,50.7,HIGH,2026-02-05
ASM-0995,38,11,50,89,15,17,92,71,35,55,47.8,HIGH,2026-04-18
ASM-0996,78,64,40,87,43,81,33,96,90,57,62.05,HIGH,2026-05-20
ASM-0997,31,84,41,43,26,58,76,42,2,88,49.75,HIGH,2026-03-10
ASM-0998,82,0,77,60,0,1,86,22,52,71,48.55,HIGH,2026-09-08
ASM-0999,97,50,68,10,100,83,83,9,68,3,62.4,HIGH,2026-08-16
ASM-1000,86,15,45,48,76,45,49,22,98,89,54.95,HIGH,2026-01-05
